Staff Number,Monthly Savings,Consolidated Savings Amount
SP/RN/041,5000,2692.71
SP/RN/042,2000,6000
SP/RN/043,2000,12000
SP/RN/069,3000,29000
SP/RN/1033,2500,14500
SP/RN/1166,10000,32000
SP/RN/1380,3000,5000
SP/RN/1414,5000,22000
SP/RN/1425,0,15000
SP/RN/1432,15000,2000
SP/RN/1437,5000,7000
SP/RN/1445,2000,10000
SP/RN/1451,2000,4000
SP/RN/1641,10000,22000
SP/RN/1722,2000,12000
SP/RN/1778,5000,27000
SP/RN/1817,10000,12000
SP/RN/1838,30000,34500
SP/RN/192,20000,286000
SP/RN/2142,5000,12000
SP/RN/241,2000,6000
SP/RN/245,5000,7000
SP/RN/248,5000,17000
SP/RN/2638,10000,42000
SP/RN/2647,50000,152000
SP/RN/2661,2000,10000
SP/RN/2671,20000,22000
SP/RN/2764,15000,32000
SP/RN/2826,10000,12000
SP/RN/3112,5000,7000
SP/RN/324,10000,12000
SP/RN/327,2000,6000
SP/RN/336,2000,6000
SP/RN/3486,5000,12000
SP/RN/3569,30000,122000
SP/RN/361,2000,4000
SP/RN/364,10000,12000
SP/RN/371,10000,12000
SP/RN/407,2000,3000
SP/RN/411,10000,12000
SP/RN/427,10000,16000
SP/RN/580,5000,27500
SP/RN/662,20000,104000
SP/RN/665,10000,12000
SP/RN/666,5000,12000
SP/RN/670,0,2000
SP/RN/707,10000,22000
SP/RN/719,2000,6000
SP/RN/827,10000,2000
SP/RN/893,5000,17000
SP/RN/919,30000,90000
SP/RN/990,5000,17000
JPR2027,4000,6000
SP/RN/N2000,5000,7000
SP/RA/2922,2000,100000
SP/RA/2662,2000,6000
SP/RA/2674,2000,14000
SP/RA/2987,2000,6000
SP/RA/3585,2000,4000
SP/RN/2805,2000,14000
SP/RA/3028,3000,32000
SP/RA/3596,3000,5000
SP/RT/1205,5000,17000
SP/RA/1830,5000,290000
SP/RA/2331,5000,12000
SP/RA/3029,5000,42500
SP/RA/3118,5000,60000
SP/RA/3566,5000,8000
SP/RA/860,5000,17000
SP/RN/2689,5000,15000
SP/RN/3062,5000,12000
SP/RN/3284,5000,7000
SP/RA/3577,10000,12000
SP/RN/1231,10000,100000
SP/RN/3041,10000,22000
SP/RN/3468,10000,12000
SP/RN/3849,10000,20000
SP/RA/3570,20000,22000
SP/RA/2988,20000,37500
SP/RN/2774,20000,2000
SP/RN/3404,20000,40000
SP/RA/3689,25000,50000
SP/RC/164,30000,555413.87
SP/RA/978,30000,62000
SP/RT/2825,30000,230000
SP/RA/3380,30000,210000
SP/RA/3460,30000,210000
SP/RA/452,40000,82000
SP/RA/3461,40000,280000
SP/RN/3413,50000,154000
SP/RN/3697,50000,100000
SP/RA/3259,100000,1900000
