STAFF NO,AMOUNT
SP/RA/639,0 
SP/RA/613,383 
SP/RN/958,630 
JP/R/327,659 
JP/R/758,798 
JP/R/768,798 
SP/RN/1689,927 
JP/R/1852,985 
SP/RN/018,1000 
SP/RA/510,1383 
JP/R/778,3798 
JP/R/779,3798 
JP/R/864,3870 
JP/R/956,3870 
JP/R/856,3870 
JP/R/795,3870 
JP/R/823,3870 
JP/R/840,3870 
JP/R/741,3899 
JP/R/665,3996 
JP/R/679,3996 
JP/R/716,3996 
JP/R/1775,4000 
JP/R/1006,4000 
JP/R/843,4103 
JP/R/868,4103 
JP/R/683,4145 
JP/R/682,4241 
JP/R/941,4607 
SP/RN/615,4627 
JP/R/570,4627 
JP/R/608,4781 
SP/RN/857,5601 
SP/RN/700,5601 
SP/RN/830,5601 
SP/RN/437,5814 
SP/RN/590,5814 
JP/R/623,5814 
JP/R/578,6000 
SP/RN/1295,6000 
SP/RN/844,6012 
SP/RN/320,6659 
JP/R/218,6659 
JP/R/201,6659 
SP/RN/204,6659 
JP/R/466,6659 
JP/R/050,6669 
JP/R/046,6669 
SP/RN/052,6868 
JP/R/104,7034 
JP/R/235,7046 
SP/RN/422,7046 
SP/RN/203,7046 
JP/R/414,7046 
JP/R/230,7421 
SP/RN/004,8841 
JP/R/113,9910 
JP/R/1083,10000 
JP/R/1380,10000 
JP/R/248,10000 
JP/R/407,10000 
SP/RN/708,10000 
SP/RN/1497,10000 
SP/RN/928,10000 
SP/RN/067,10044 
SP/RN/847,10074 
SP/RN/785,10870 
JP/R/2845,13000 
SP/RN/037,13341 
SP/RT/916,13630 
SP/RN/813,13630 
SP/RN/2237,15000 
SP/RN/280,15439 
SP/RA/800,15935 
SP/RA/917,15935 
SP/RA/932,15935 
SP/RA/774,15935 
SP/RA/803,15935 
SP/RA/653,16383 
SP/RA/637,16383 
SP/RA/654,16383 
SP/RA/641,16383 
SP/RA/508,16383 
SP/RA/628,16383 
SP/RA/875,17770 
SP/RA/922,18298 
SP/RA/770,18298 
SP/RA/890,18298 
SP/RN/671,18475 
SP/RA/594,18826 
SP/RA/493,18826 
SP/RA/595,18826 
SP/RA/695,19354 
SP/RN/075,19998 
JP/R/775,20000 
JP/R/349,20000 
SP/RN/898,20000 
JP/R/1058,20000 
JP/R/711,20000 
JP/R/1002,20000 
JP/R/1412,20000 
JP/R/1056,20000 
JP/R/572,20000 
JP/R/863,20000 
JP/R/382,20000 
JP/R/1645,20000 
JP/R/990,20000 
JP/R/1039,20000 
JP/R/1351,20000 
JP/R/1498,20000 
JP/R/1052,20000 
JP/R/737,20000 
JP/R/1055,20000 
JP/R/076,20000 
JP/R/1414,20000 
JP/R/1252,20000 
JP/R/1535,20000 
JP/R/1377,20000 
JP/R/1053,20000 
JP/R/209,20000 
JP/R/1247,20000 
SP/RN/1368,20000 
JP/R/667,20000 
JP/R/210,20000 
JP/R/336,20000 
JP/R/1499,20000 
JP/R/2414,20000 
JP/R/1166,20000 
JP/R/1816,20000 
JP/R/666,20000 
JP/R/1067,20000 
JP/R/211,20000 
JP/R/1583,20000 
JP/R/1255,20000 
JP/R/1403,20000 
JP/R/760,20000 
JP/R/553,20000 
SP/RN/951,20000 
JP/R/247,20000 
SP/RN/1762,20000 
SP/RA/1102,20000 
SP/RN/889,20000 
SP/RN/978,20000 
JP/R/718,20000 
JP/R/415,20000 
SP/RN/1720,20000 
SP/RN/126,20000 
SP/RN/1363,20000 
SP/RN/019,20000 
SP/RA/604,20000 
SP/RN/2263,20000 
SP/RN/1683,20000 
SP/RN/068,20000 
SP/RN/802,20000 
SP/RN/275,20000 
JP/R/329,20000 
SP/RA/920,20000 
SP/RN/457,20000 
JP/R/1612,20000 
JP/R/827,20000 
JP/R/205,20000 
JP/R/355,20000 
JP/R/374,20000 
SP/RN/1615,20000 
SP/RN/124,20000 
SP/RT/1330,20000 
SP/RN/1282,20000 
SP/RN/391,20000 
SP/RN/1205,20000 
SP/RN/1766,20000 
SP/RN/699,20000 
SP/RN/1094,20000 
SP/RT/1208,20000 
SP/RN/1661,20000 
SP/RN/1782,20000 
SP/RN/045,20000 
SP/RN/2112,20000 
SP/RN/024,20000 
SP/RN/746,20000 
JP/R/752,20000 
SP/RN/563,20000 
JP/R/1722,20000 
JP/R/053,20000 
SP/RN/1042,20000 
SP/RN/1217,20000 
SP/RN/346,20000 
SP/RN/2397,20000 
SP/RN/599,20000 
SP/RN/1807,20000 
SP/RN/308,20000 
SP/RN/100,20000 
SP/RN/938,20000 
SP/RN/083,20000 
SP/RN/2344,20000 
SP/RN/038,20000 
SP/RN/952,20000 
SP/RN/1259,20000 
SP/RN/877,20000 
SP/RN/1137,20000 
SP/RN/2296,20000 
SP/RN/808,20000 
SP/RN/1467,20000 
SP/RN/1078,20000 
SP/RN/557,20000 
SP/RN/2106,20000 
SP/RN/1749,20000 
SP/RN/2395,20000 
SP/RN/605,20000 
SP/RN/763,20000 
SP/RN/376,20000 
SP/RN/451,20000 
SP/RN/1264,20000 
SP/RN/1161,20000 
SP/RN/1707,20000 
JP/R/1325,20000 
SP/RN/079,20000 
JP/R/282,20000 
SP/RT/2198,20000 
SP/RN/297,20000 
SP/RN/285,20000 
SP/RN/1026,20000 
SP/RN/1614,20000 
SP/RN/1797,20000 
SP/RN/1677,20000 
SP/RN/1666,20000 
SP/RN/1740,20000 
SP/RN/215,20000 
SP/RN/1317,20000 
SP/RN/294,20000 
SP/RN/1296,20000 
SP/RN/1014,20000 
SP/RN/1037,20000 
SP/RN/1478,20000 
SP/RN/1346,20000 
SP/RN/689,20000 
SP/RA/2810,20000 
SP/RA/1153,20000 
SP/RA/454,20000 
SP/RA/528,20000 
SP/RA/1089,20000 
SP/RA/2041,20000 
SP/RA/1098,20000 
SP/RA/1485,20000 
SP/RA/1336,20000 
SP/RA/1186,20000 
SP/RA/1602,20000 
SP/RA/1211,20000 
SP/RA/1168,20000 
SP/RA/1127,20000 
SP/RA/1100,20000 
SP/RA/488,20000 
SP/RA/1146,20000 
SP/RA/532,20000 
SP/RA/1460,20000 
SP/RA/1734,20000 
SP/RA/649,20000 
SP/RA/1477,20000 
SP/RA/1106,20000 
SP/RA/533,20000 
SP/RA/1203,20000 
SP/RA/1894,20000 
SP/RA/635,20000 
SP/RA/1738,20000 
SP/RA/1339,20000 
SP/RA/1185,20000 
SP/RA/1333,20000 
SP/RA/1071,20000 
SP/RA/621,20000 
SP/RA/1348,20000 
SP/RA/153,20000 
SP/RA/166,20000 
SP/RA/1730,20000 
SP/RN/1144,20000 
SP/RN/809,20000 
JP/R/1557,20000 
JP/R/574,20000 
JP/R/704,20000 
JP/R/1402,20000 
JP/R/449,20000 
SP/RN/2339,20000 
JP/R/265,20000 
JP/R/428,20000 
SP/RA/1076,20000 
SP/RA/1329,20000 
SP/RA/1347,20000 
SP/RA/622,20000 
SP/RN/1074,20000 
SP/RN/1103,20000 
SP/RN/1647,20000 
SP/RN/540,20000 
SP/RN/790,20000 
SP/RN/913,20000 
SP/RN/981,20000 
JP/R/402,20000 
JP/R/220,20000 
JP/R/400,20000 
SP/RN/459,20046 
JP/R/232,20046 
SP/RA/560,20078 
SP/RT/561,20078 
SP/RT/878,20130 
SP/RN/660,20130 
SP/RA/798,20135 
SP/RN/627,20220 
JP/R/684,20241 
SP/RN/025,20284 
SP/RA/771,20298 
SP/RA/651,20383 
SP/RA/655,20383 
SP/RA/631,20383 
SP/RA/650,20383 
SP/RA/638,20383 
SP/RA/609,20383 
SP/RA/505,20383 
SP/RN/441,20435 
SP/RN/316,20439 
SP/RN/279,20439 
SP/RA/062,20462 
SP/RN/347,20464 
SP/RN/348,20464 
JP/R/380,20499 
SP/RN/130,20589 
SP/RN/819,20601 
SP/RN/799,20607 
SP/RN/703,20607 
SP/RN/901,20630 
JP/R/664,20671 
JP/R/260,20698 
SP/RA/924,20770 
JP/R/780,20798 
SP/RA/598,20826 
SP/RA/675,20826 
SP/RN/027,20868 
JP/R/782,20870 
JP/R/784,20870 
SP/RN/949,20930 
SP/RA/886,20935 
SP/RA/918,20935 
SP/RN/274,20968 
JP/R/707,20996 
SP/RT/559,21078 
SP/RA/672,21334 
SP/RN/555,21363 
SP/RN/845,21406 
SP/RA/593,21466 
SP/RN/034,21468 
SP/RA/945,21907 
SP/RN/2261,22000 
SP/RA/1315,22000 
SP/RA/681,22383 
SP/RN/539,22717 
JP/R/554,22838 
SP/RN/866,23000 
SP/RN/404,23464 
SP/RA/306,23464 
SP/RN/290,23464 
SP/RN/291,23464 
SP/RA/305,23464 
SP/RA/317,23464 
SP/RN/293,23464 
JP/R/781,23798 
JP/R/947,23798 
JP/R/783,23870 
JP/R/854,23870 
SP/RN/969,24000 
SP/RN/061,24212 
SP/RN/036,24212 
SP/RA//085,24212 
SP/RA/694,24383 
SP/RN/564,24527 
JP/R/1407,25000 
JP/R/1582,25000 
SP/RN/1667,25000 
JP/R/919,25000 
SP/RN/841,25000 
SP/RN/1430,25000 
SP/RN/1742,25000 
SP/RN/959,25000 
SP/RA/1122,25000 
SP/RN/821,25070 
SP/RN/281,25464 
JP/R/353,25659 
JP/R/392,25878 
SP/RA/640,25935 
JP/R/1000,26000 
JP/R/893,26000 
SP/RA/507,26383 
JP/R/385,26499 
JP/R/361,26659 
SP/RN/543,27046 
SP/RN/253,27271 
SP/RA/502,27305 
SP/RA/501,27305 
SP/RA/526,27305 
SP/RA/512,27305 
SP/RN/1193,28000 
SP/RA/091,28053 
SP/RA/616,28078 
SP/RA/925,28814 
JP/R/713,29870 
JP/R/1010,29998 
SP/RN/328,30000 
JP/R/1384,30000 
JP/R/740,30000 
SP/RN/1390,30000 
JP/R/105,30000 
JP/R/992,30000 
JP/R/1851,30000 
JP/R/1831,30000 
JP/R/1443,30000 
JP/R/354,30000 
JP/R/341,30000 
JP/R/063,30000 
SP/RN/1754,30000 
JP/R/733,30000 
SP/RN/912,30000 
SP/RN/251,30000 
JP/R/371,30000 
JP/R/242,30000 
SP/RN/1404,30000 
SP/RN/2257,30000 
SP/RN/1318,30000 
JP/R/1466,30000 
SP/RN/961,30000 
SP/RN/1739,30000 
SP/RN/1045,30000 
SP/RA/1565,30000 
SP/RA/1345,30000 
SP/RA/1032,30000 
SP/RA/1813,30000 
SP/RA/1556,30000 
SP/RA/2169,30000 
SP/RA/1235,30000 
SP/RA/1167,30000 
SP/RN/311,30000 
JP/R/243,30046 
JP/R/040,30255 
SP/RA/883,30354 
JP/R/287,30749 
JP/R/788,30870 
SP/RA/478,31377 
SP/RA/468,31377 
SP/RA/472,31377 
SP/RA/518,31377 
SP/RA/515,31377 
SP/RA/479,31377 
SP/RN/093,32000 
JP/R/245,32046 
SP/RA/145,32257 
SP/RA/134,32257 
JP/R/2357,33000 
SP/RA/155,33137 
SP/RA/168,33137 
SP/RA/151,33137 
SP/RA/143,33137 
SP/RN/271,33464 
SP/RA/1125,33800 
SP/RA/156,34600 
SP/RN/911,34994 
SP/RT/2340,35000 
SP/RN/1135,35000 
SP/RN/395,35000 
SP/RN/1219,35000 
SP/RN/1293,35000 
SP/RN/196,35212 
SP/RA/141,35556 
SP/RN/131,35707 
SP/RA/517,35777 
SP/RA/634,36383 
SP/RA/648,36383 
SP/RA/158,36512 
SP/RN/110,36531 
SP/RA/1197,37000 
SP/RN/549,37417 
SP/RA/146,37469 
SP/RN/1304,38000 
SP/RA/150,38425 
SP/RA/469,38826 
SP/RA/946,38826 
SP/RA/530,39305 
SP/RN/581,40000 
JP/R/1419,40000 
JP/R/1082,40000 
JP/R/1867,40000 
JP/R/1035,40000 
JP/R/826,40000 
JP/R/324,40000 
JP/R/993,40000 
JP/R/692,40000 
SP/RN/084,40000 
SP/RN/914,40000 
SP/RN/059,40000 
SP/RN/859,40000 
SP/RN/1169,40000 
JP/R/714,40000 
JP/R/363,40000 
SP/RN/1764,40000 
SP/RN/1694,40000 
JP/R/041,40000 
SP/RN/1700,40000 
SP/RN/611,40000 
SP/RN/1752,40000 
SP/RN/693,40000 
SP/RN/1896,40000 
JP/R/1432,40000 
SP/RN/394,40000 
SP/RN/545,40000 
SP/RN/685,40000 
SP/RN/2637,40000 
SP/RA/1099,40000 
SP/RA/767,40000 
SP/RA/301,40000 
SP/RA/1544,40000 
SP/RA/491,40000 
SP/RN/1025,40000 
SP/RN/1184,40000 
SP/RN/1349,40000 
SP/RN/812,40010 
SP/RA/161,40337 
SP/RN/307,40630 
SP/RT/879,40630 
SP/RN/390,40690 
SP/RN/624,40781 
SP/RA/500,40826 
SP/RN/397,42000 
SP/RN/257,42000 
SP/RA/2154,42000 
SP/RN/462,42690 
JP/R/586,43996 
SP/RN/198,44212 
SP/RA/182,44257 
SP/RA/562,44662 
SP/RN/398,45000 
SP/RN/805,45000 
JP/R/364,46659 
SP/RA/772,47621 
SP/RT/2035,48000 
SP/RA/3001,48000 
SP/RN/078,48212 
JP/R/855,50000 
SP/RN/852,50000 
SP/RN/1354,50000 
SP/RN/1320,50000 
JP/R/1436,50000 
JP/R/1241,50000 
JP/R/2604,50000 
JP/R/241,50000 
JP/R/1828,50000 
JP/R/244,50000 
SP/RN/900,50000 
SP/RN/2327,50000 
SP/RN/017,50000 
SP/RN/1492,50000 
JP/R/212,50000 
SP/RN/986,50000 
JP/R/747,50000 
SP/RN/906,50000 
SP/RN/2241,50000 
SP/RN/2482,50000 
SP/RN/712,50000 
SP/RN/2265,50000 
SP/RN/1268,50000 
JP/R/208,50000 
SP/RN/1750,50000 
SP/RN/1502,50000 
SP/RN/128,50000 
SP/RN/2334,50000 
SP/RN/1832,50000 
SP/RN/016,50000 
SP/RN/1681,50000 
SP/RN/074,50000 
SP/RN/087,50000 
SP/RN/444,50000 
SP/RN/2225,50000 
SP/RA/1147,50000 
SP/RA/1624,50000 
SP/RN/3056,50000 
SP/RN/132,50000 
SP/RN/870,50000 
JP/R/846,50103 
SP/RA/727,50298 
SP/RA/438,50464 
SP/RN/910,50630 
SP/RN/014,50791 
SP/RN/786,50870 
SP/RA/797,50935 
SP/RN/1761,51206 
JP/R/1601,52000 
SP/RA/516,53377 
SP/RA/144,54512 
SP/RN/129,55968 
SP/RA/636,56000 
SP/RN/010,57206 
SP/RA/874,59298 
SP/RN/121,60000 
SP/RN/366,60000 
SP/RN/1243,60000 
SP/RN/926,60000 
SP/RN/904,60000 
SP/RN/2107,60000 
SP/RN/963,60000 
SP/RA/1301,60000 
SP/RA/633,60000 
SP/RA/1199,60000 
SP/RA/476,60000 
SP/RA/167,60000 
JP/R/1420,60000 
SP/RN/456,60000 
SP/RN/238,60046 
SP/RN/073,61586 
SP/RN/372,61968 
SP/RA/310,63464 
SP/RA/858,63627 
SP/RN/035,65000 
SP/RN/652,65383 
SP/RA/1597,66000 
SP/RN/450,66271 
SP/RN/011,66318 
SP/RN/1111,67000 
SP/RN/1341,69999 
SP/RN/1481,70000 
SP/RN/309,70000 
SP/RN/807,70000 
SP/RN/1170,70000 
SP/RN/219,70000 
SP/RN/1741,70000 
SP/RN/1886,70000 
SP/RN/2206,70000 
SP/RN/942,70000 
SP/RN/283,70000 
SP/RN/535,70000 
SP/RN/1187,70000 
SP/RN/701,70000 
JP/R/023,70000 
SP/RN/084,70044 
SP/RN/656,70264 
SP/RA/1225,71000 
SP/RN/1230,72000 
SP/RT/461,73900 
SP/RN/020,74401 
SP/RN/033,75000 
SP/RA/157,75254 
SP/RA/064,75257 
SP/RA/674,76500 
SP/RN/2700,78000 
SP/RN/2613,79000 
SP/RA/796,79935 
JP/R/1770,80000 
SP/RN/1013,80000 
SP/RN/030,80000 
SP/RN/842,80000 
SP/RN/880,80000 
SP/RN/262,80000 
SP/RA/482,80000 
SP/RA/658,80000 
SP/RA/1714,80000 
SP/RA/923,80298 
SP/RN/849,80630 
SP/RN/386,81957 
SP/RN/2292,85000 
SP/RN/2689,85000 
SP/RA/1725,85000 
SP/RA/2940,87000 
SP/RA/147,87367 
SP/RN/1124,90000 
SP/RN/1840,90000 
SP/RN/1463,90500 
JP/R/833,90870 
SP/RN/962,90947 
SP/RA/769,93935 
SP/RA/1220,95000 
SP/RA/525,97305 
SP/RN/2060,98000 
JP/R/379,98499 
SP/RA/888,99999 
SP/RN/289,100000 
JP/R/1719,100000 
SP/RA/2163,100000 
JP/R/1605,100000 
SP/RA/2223,100000 
JP/R/1401,100000 
JP/R/1369,100000 
SP/RN/256,100000 
SP/RN/116,100000 
SP/RN/387,100000 
SP/RN/115,100000 
SP/RN/270,100000 
SP/RN/2356,100000 
SP/RN/452,100000 
SP/RN/2200,100000 
SP/RN/122,100000 
SP/RN/2199,100000 
SP/RA/2449,100000 
SP/RN/2320,100000 
SP/RN/1223,100000 
SP/RN/2421,100000 
SP/RT/2004,100000 
SP/RN/1112,100000 
SP/RT/417,100000 
SP/RN/804,100000 
SP/RN/610,100000 
JP/R/896,100000 
SP/RN/055,100000 
SP/RA/2210,100000 
SP/RA/754,100000 
SP/RN/2820,100000 
SP/RN/2824,100000 
SP/RA/2217,100000 
SP/RA/1097,100000 
SP/RA/1101,100000 
SP/RN/1027,100000 
SP/RN/1165,100000 
SP/RN/764,100000 
SP/RN/816,100000 
SP/RA/175,100033 
SP/RN/003,100150 
SP/RN/860,100215 
SP/RN/558,100218 
SP/RA/527,100305 
SP/RA/522,100377 
SP/RT/433,100464 
SP/RN/872,100601 
SP/RN/197,100968 
SP/RN/367,101464 
SP/RA/499,102202 
SP/RA/162,102248 
SP/RA/477,102600 
SP/RN/2362,105000 
SP/RA/137,107288 
SP/RN/065,108000 
SP/RA/135,108257 
SP/RA/1496,110000 
SP/RN/021,110000 
SP/RC/1835,110000 
SP/RN/907,110181 
SP/RT/869,113263 
SP/RN/899,118000 
SP/RN/1297,118000 
SP/RN/2572,118000 
SP/RN/1207,120000 
JP/R/1587,120000 
SP/RN/1132,120260 
SP/RN/1802,125000 
SP/RN/107,129031 
SP/RN/2259,130000 
SP/RN/345,130000 
SP/RA/887,130298 
SP/RN/112,130361 
SP/RA/008,132708 
SP/RA/094,132708 
SP/RN/082,134000 
SP/RA/302,135000 
SP/RT/630,135000 
SP/RN/1884,140000 
SP/RN/2392,140000 
SP/RN/2607,140000 
SP/RN/118,140000 
SP/RN/2276,143000 
SP/RN/403,146495 
SP/RN/2387,147000 
SP/RN/436,148907 
SP/RN/2393,150000 
SP/RN/071,150000 
SP/RN/974,150000 
SP/RN/250,150000 
SP/RA/1299,150000 
SP/RN/982,150000 
SP/RN/1342,150000 
SP/RN/2307,150000 
SP/RN/1258,150000 
SP/RA/1313,150000 
SP/RN/1360,160000 
SP/RA/1072,160000 
SP/RA/876,168298 
SP/RN/848,170000 
SP/RN/120,170000 
SP/RN/123,170000 
SP/RN/292,170000 
SP/RN/072,172671 
SP/RN/032,180000 
SP/RN/2317,180000 
SP/RA/2937,180000 
SP/RN/810,190000 
SP/RN/1021,199000 
SP/RA/080,200000 
SP/RN/2304,200000 
SP/RN/127,200000 
SP/RN/744,200000 
SP/RA/985,200000 
SP/RN/2243,200000 
SP/RN/1338,200000 
SP/RN/338,200000 
SP/RN/2371,200000 
SP/RN/1830,200000 
SP/RN/1311,200000 
SP/RN/337,200000 
SP/RA/645,200000 
SP/RA/152,200000 
SP/RA/2724,200000 
SP/RN/1172,200000 
SP/RT/2825,200000 
JP/R/427,200046 
SP/RA/903,200123 
SP/RA/481,200202 
SP/RA/891,200298 
SP/RN/806,200976 
SP/RN/277,203464 
SP/RN/117,205000 
SP/RA/1473,205000 
SP/RA/600,219354 
SP/RN/1475,220000 
SP/RN/119,220000 
SP/RN/544,221151 
SP/RN/1747,225000 
SP/RN/106,225041 
SP/RA/1457,226000 
SP/RA/702,230000 
JP/R/1445,235000 
SP/RN/940,240000 
SP/RA/136,244186 
SP/RA/620,246047 
SP/RN/1149,250000 
SP/RA/2999,250000 
SP/RN/095,260000 
SP/RA/489,275000 
SP/RA/142,280000 
SP/RN/344,300000 
SP/RN/054,300000 
SP/RN/1176,300000 
SP/RT/1383,300000 
SP/RN/060,300000 
SP/RN/081,300000 
SP/RN/657,300000 
SP/RN/022,300000 
SP/RA/1569,300000 
SP/RA/1355,300000 
SP/RA/3094,300000 
SP/RN/815,300000 
SP/RN/2139,300000 
SP/RA/776,300298 
SP/RA/443,300455 
SP/RN/013,300783 
SP/RN/601,300947 
SP/RT/607,301078 
SP/RN/710,330000 
SP/RA/171,332257 
SP/RA/659,333767 
SP/RA/475,341377 
 SP/RN/1254 ,350000 
SP/RN/2233,350000 
SP/RN/2569,350000 
SP/RN/2796,350000 
SP/RA/1214,350000 
SP/RN/2924,350000 
SP/RA/401,400000 
SP/RA/1370,400000 
SP/RN/015,400151 
SP/RA/173,403137 
SP/RN/066,475791 
SP/RN/272,500000 
SP/RA/1712,500000 
SP/RA/485,500000 
SP/RA/2177,500000 
SP/RN/817,500835 
SP/RA/2188,600000 
SP/RA/2179,670000 
SP/RN/1484,980000 
SP/RN/1482,1000000 
SP/RA/3144,1400000 
SP/RA/164,1600000 
