Staff Number,Loan Amount,Guarantor Staff Number,Loan Tenor,,,,,,,,,,,,,,,,Access Bank
JP/R/1058,16500,,3,,,,,,,,,,,,,,,,
JP/R/1000,11000,,1,,,,,,,,,,,,,,,,
JP/R/1719,311666.6667,,17,,,,,,,,,,,,,,,,
JP/R/852,490960.5915,,13,,,,,,,,,,,,,,,,
JP/R/1770,73333.33333,,5,,,,,,,,,,,,,,,,
JP/R/1056,22000,,4,,,,,,,,,,,,,,,,
JP/R/863,47666.66667,,13,,,,,,,,,,,,,,,,
JP/R/2027,330000,,18,,,,,,,,,,,,,,,,
SP/RN/1390,60500,,11,,,,,,,,,,,,,,,,
JP/R/1039,65541.66667,,11,,,,,,,,,,,,,,,,
JP/R/1498,59583.33333,,13,,,,,,,,,,,,,,,,
JP/R/287,33000,,5,,,,,,,,,,,,,,,,
JP/R/1605,275000,,15,,,,,,,,,,,,,,,,
JP/R/1252,66000,,12,,,,,,,,,,,,,,,,
JP/R/1535,27500,,5,,,,,,,,,,,,,,,,
JP/R/1377,58666.66667,,8,,,,,,,,,,,,,,,,
JP/R/1053,22000,,4,,,,,,,,,,,,,,,,
JP/R/1035,55000,,5,,,,,,,,,,,,,,,,
SP/RN/1013,88000,,4,,,,,,,,,,,,,,,,
JP/R/1241,311666.6667,,17,,,,,,,,,,,,,,,,
JP/R/826,95333.33333,,13,,,,,,,,,,,,,,,,
JP/R/667,13750,,3,,,,,,,,,,,,,,,,
JP/R/210,22000,,4,,,,,,,,,,,,,,,,
JP/R/2604,55000,,4,,,,,,,,,,,,,,,,
SP/RN/324,55000,,12,,,,,,,,,,,,,,,,
SPRN241,55000,,15,,,,,,,,,,,,,,,,
SP/RN/2393,220000,,8,,,,,,,,,,,,,,,,
JP/R/992,34833.33333,,4,,,,,,,,,,,,,,,,
JP/R/379,222206.7901,,11,,,,,,,,,,,,,,,,
JP/R/1851,20520.83333,,5,,,,,,,,,,,,,,,,
SP/RN/1166,90750,,3,,,,,,,,,,,,,,,,
JP/R/1828,151250,,11,,,,,,,,,,,,,,,,
JP/R/1445,695919.7541,,11,,,,,,,,,,,,,,,,
JP/R/1831,49500,,9,,,,,,,,,,,,,,,,
JP/R/1443,99000,,18,,,,,,,,,,,,,,,,
 JP/R/1369 ,100833.3333,,11,,,,,,,,,,,,,,,,
JP/R/993,33000,,3,,,,,,,,,,,,,,,,
JP/R/1067,16500,,3,,,,,,,,,,,,,,,,
JP/R/1583,28091.26984,,4,,,,,,,,,,,,,,,,
JP/R/1255,14666.66667,,2,,,,,,,,,,,,,,,,
JP/R/760,22000,,4,,,,,,,,,,,,,,,,
JP/R/354,24750,,3,,,,,,,,,,,,,,,,
JP/R/244,146035.1216,,16,,,,,,,,,,,,,,,,
JP/R/553,62333.33333,,17,,,,,,,,,,,,,,,,
SP/RN/361,20625,,3,,,,,,,,,,,,,,,,
JP/R/692,14666.66667,,1,,,,,,,,,,,,,,,,
SP/RN/427,220000,,6,,,,,,,,,,,,,,,,
SP/RN/256,60500,,3,,,,,,,,,,,,,,,,
SP/RN/084,2100000,,21,,,,,,,,,,,,,,,,
SP/RN/1172,152777.7778,,5,,,,,,,,,,,,,,,,
SP/RN/130,47666.66667,,13,,,,,,,,,,,,,,,,
SP/RN/309,115500,,9,,,,,,,,,,,,,,,,
SP/RN/021,332750,,11,,,,,,,,,,,,,,,,
SP/RN/127,446722.2222,,17,,,,,,,,,,,,,,,,
SP/RN/344,220000,,4,,,,,,,,,,,,,,,,
SP/RN/082,244444.4444,,10,,,,,,,,,,,,,,,,
SP/RN/2327,165000,,12,,,,,,,,,,,,,,,,
SP/RN/848,220000,,6,,,,,,,,,,,,,,,,
SP/RN/849,214958.3333,,5,,,,,,,,,,,,,,,,
SP/RN/054,201666.6667,,3,,,,,,,,,,,,,,,,
SP/RN/744,330000,,9,,,,,,,,,,,,,,,,
SP/RN/250,82500,,3,,,,,,,,,,,,,,,,
SP/RN/032,132000,,4,,,,,,,,,,,,,,,,
SP/RN/013,935000,,17,,,,,,,,,,,,,,,,
SP/RN/106,476666.6667,,13,,,,,,,,,,,,,,,,
SP/RN/015,660000,,9,,,,,,,,,,,,,,,,
JP/R/919,55611.11111,,13,,,,,,,,,,,,,,,,
JP/R/242,41250,,5,,,,,,,,,,,,,,,,
SP/RA/2188,501766.255,,9,,,,,,,,,,,,,,,,
SP/RN/660,61111.1,,5,,,,,,,,,,,,,,,,
SP/RN/457,99000,,12,,,,,,,,,,,,,,,,
JP/R/355,47666.66667,,13,,,,,,,,,,,,,,,,
JP/R/220,47666.66667,,13,,,,,,,,,,,,,,,,
JP/R/846,16500,,3,,,,,,,,,,,,,,,,
SP/RN/2356,146666.6667,,8,,,,,,,,,,,,,,,,
SP/RN/899,386100,,12,,,,,,,,,,,,,,,,
SP/RN/124,60500,,11,,,,,,,,,,,,,,,,
SP/RN/1254,305555.5556,,5,,,,,,,,,,,,,,,,
SP/RN/2292,110000,,8,,,,,,,,,,,,,,,,
SP/RN/2276,275000,,10,,,,,,,,,,,,,,,,
SP/RT/2340,27500,,3,,,,,,,,,,,,,,,,
SP/RN/2234,528000,,18,,,,,,,,,,,,,,,,
SP/RN/1764,68750,,5,,,,,,,,,,,,,,,,
SP/RN/060,220000,,4,,,,,,,,,,,,,,,,
SP/RN/982,137500,,5,,,,,,,,,,,,,,,,
SPRA985,550000,,15,,,,,,,,,,,,,,,,
SPRN041,110000,,15,,,,,,,,,,,,,,,,
SP/RN/366,49500,,3,,,,,,,,,,,,,,,,
JP/R/747,45833.33333,,5,,,,,,,,,,,,,,,,
SP/RN/962,158083.2684,,4,,,,,,,,,,,,,,,,
SP/RN/1802,292943.6252,,14,,,,,,,,,,,,,,,,
SP/RN/1297,1145833.333,,25,,,,,,,,,,,,,,,,
SP/RN/710,550000,,9,,,,,,,,,,,,,,,,
SPRN563,55000,,15,,,,,,,,,,,,,,,,
SP/RN/2317,429000,,13,,,,,,,,,,,,,,,,
SP/RN/1741,68750,,3,,,,,,,,,,,,,,,,
SP/RN/2243,234776.3477,,5,,,,,,,,,,,,,,,,
SP/RN/2241,119166.6667,,13,,,,,,,,,,,,,,,,
SP/RN/1341,151250,,11,,,,,,,,,,,,,,,,
SP/RN/1217,47666.66667,,13,,,,,,,,,,,,,,,,
SP/RN/1886,268888.8889,,11,,,,,,,,,,,,,,,,
 SP/RN/122 ,302500,,11,,,,,,,,,,,,,,,,
SP/RN/926,143000,,13,,,,,,,,,,,,,,,,
 SP/RN/1268 ,151250,,11,,,,,,,,,,,,,,,,
SP/RN/1840,111111.1961,,11,,,,,,,,,,,,,,,,
SP/RN/2259,44000,,3,,,,,,,,,,,,,,,,
SP/RN/1338,293333.3333,,8,,,,,,,,,,,,,,,,
SP/RN/942,86625,,5,,,,,,,,,,,,,,,,
SPRN1430,68750,,15,,,,,,,,,,,,,,,,
SP/RN/2233,320833.3333,,5,,,,,,,,,,,,,,,,
SP/RN/289,311666.6667,,17,,,,,,,,,,,,,,,,
SP/RN/2421,27500,,3,,,,,,,,,,,,,,,,
SP/RN/253,18333.33333,,3,,,,,,,,,,,,,,,,
SP/RN/272,1344444.444,,11,,,,,,,,,,,,,,,,
SP/RN/2685,110000,,6,,,,,,,,,,,,,,,,
SP/RT/2004,165000,,9,,,,,,,,,,,,,,,,
SP/RN/2307,232777.7781,,9,,,,,,,,,,,,,,,,
SP/RN/842,44000,,2,,,,,,,,,,,,,,,,
SP/RN/2106,183333.3333,,10,,,,,,,,,,,,,,,,
SP/RN/010,3041111.111,,14,,,,,,,,,,,,,,,,
SP/RN/940,213888.8889,,5,,,,,,,,,,,,,,,,
SP/RT/869,255200,,16,,,,,,,,,,,,,,,,
SP/RN/810,302500,,9,,,,,,,,,,,,,,,,
SP/RN/271,79444.44444,,13,,,,,,,,,,,,,,,,
SP/RN/367,73333.33333,,4,,,,,,,,,,,,,,,,
SP/RN/805,231000,,18,,,,,,,,,,,,,,,,
SP/RN/283,396000,,18,,,,,,,,,,,,,,,,
SP/RN/544,183333.3333,,5,,,,,,,,,,,,,,,,
SP/RN/804,110000,,6,,,,,,,,,,,,,,,,
JP/R/1325,16500,,3,,,,,,,,,,,,,,,,
SP/RN/338,330000,,9,,,,,,,,,,,,,,,,
SP/RN/1318,24750,,3,,,,,,,,,,,,,,,,
JP/R/896,201666.6667,,11,,,,,,,,,,,,,,,,
SP/RT/433,330000,,18,,,,,,,,,,,,,,,,
SP/RN/016,119166.6667,,13,,,,,,,,,,,,,,,,
SP/RN/657,330000,,6,,,,,,,,,,,,,,,,
SP/RN/1484,763888.8889,,5,,,,,,,,,,,,,,,,
SP/RN/372,196400.5728,,14,,,,,,,,,,,,,,,,
SP/RN/1747,134444.4444,,4,,,,,,,,,,,,,,,,
SP/RN/815,128333.3333,,3,,,,,,,,,,,,,,,,
SP/RN/535,166833.3333,,13,,,,,,,,,,,,,,,,
SP/RN/2392,99647.04,,4,,,,,,,,,,,,,,,,
SP/RN/2569,488888.8889,,8,,,,,,,,,,,,,,,,
SP/RN/2107,122222.2222,,10,,,,,,,,,,,,,,,,
JP/R/328,58333.33333,,10,,,,,,,,,,,,,,,,
SP/RN/1187,232222.2222,,15,,,,,,,,,,,,,,,,
SP/RN/345,42553.70233,,3,,,,,,,,,,,,,,,,
SP/RN/1230,39600,,3,,,,,,,,,,,,,,,,
SP/RN/558,256666.6667,,14,,,,,,,,,,,,,,,,
SP/RN/444,990000,,18,,,,,,,,,,,,,,,,
SP/RN/123,570837.7394,,9,,,,,,,,,,,,,,,,
SP/RN/1296,7333.333333,,1,,,,,,,,,,,,,,,,
SP/RN/2225,165000,,18,,,,,,,,,,,,,,,,
SP/RN/118,462000,,18,,,,,,,,,,,,,,,,
SP/RN/292,305555.5556,,10,,,,,,,,,,,,,,,,
SP/RN/1482,880000,,8,,,,,,,,,,,,,,,,
SP/RN/2796,320833.3333,,5,,,,,,,,,,,,,,,,
SP/RN/1311,183333.3333,,5,,,,,,,,,,,,,,,,
SP/RN/2820,148500,,9,,,,,,,,,,,,,,,,
JP/R/2759,378400,,16,,,,,,,,,,,,,,,,
SP/RN/2674,290000,,9,,,,,,,,,,,,,,,,
SP/RA/475,660000,,18,,,,,,,,,,,,,,,,
SP/RA/1569,63499.7167,,1,,,,,,,,,,,,,,,,
SP/RA/817,183333.3333,,10,,,,,,,,,,,,,,,,
SP/RA/1214,320833.3333,,5,,,,,,,,,,,,,,,,
SPRA1712,1375000,,15,,,,,,,,,,,,,,,,
SP/RA/702,210833.3333,,5,,,,,,,,,,,,,,,,
SP/RA/481,165000,,3,,,,,,,,,,,,,,,,
SP/RA/1100,794444.4444,,13,,,,,,,,,,,,,,,,
SP/RA/1370,299876.9401,,7,,,,,,,,,,,,,,,,
SP/RA/701,158888.8889,,13,,,,,,,,,,,,,,,,
SP/RA/796,44000,,3,,,,,,,,,,,,,,,,
SP/RA/1097,106333.3333,,4,,,,,,,,,,,,,,,,
SP/RA/1624,110000,,9,,,,,,,,,,,,,,,,
SP/RA/1101,165000,,9,,,,,,,,,,,,,,,,
SP/RA/1072,82500,,3,,,,,,,,,,,,,,,,
SP/RA/505,453750,,11,,,,,,,,,,,,,,,,
SP/RA/142,55000,,1,,,,,,,,,,,,,,,,
SP/RA/171,611111.1111,,10,,,,,,,,,,,,,,,,
SP/RN/2924,320833.3333,,5,,,,,,,,,,,,,,,,
SP/RN/3056,718666.6667,,16,,,,,,,,,,,,,,,,
SP/RC/164,916666.6667,,5,,,,,,,,,,,,,,,,
JP/R/3486,501600,,16,,,,,,,,,,,,,,,,
SP/RN/3437,715000,,13,,,,,,,,,,,,,,,,
SPRN3448,440000,,15,,,,,,,,,,,,,,,,
