Staff ID,Loan Amount,Loan Type,Guarantor ID,Loan Tenor,Iterm Name,Supplier Name,Supplier Address,Supplier GSM,Supplier Bank,Supplier Account Number,,,,,,,,,,,,,,,,Access Bank
SP/R/805,5000,Business Loan ,SP/R/2965,8,yam,musa,kk,855258112,Citibank,0055224212,,,,,,,,,,,,,,,,Citibank
,,,,,,,,,,,,,,,,,,,,,,,,,,
,,,,,,,,,,,,,,,,,,,,,,,,,,
SP/R/2727,1000000,Soft Loan,SP/R/123,52,oil,musa,garki,0855624522,Fidelity Bank Nigeria,89554415521,,,,,,,,,,,,,,,,Ecobank Nigeria
,,,,,,,,,,,,,,,,,,,,,,,,,,Fidelity Bank Nigeria
,,,,,,,,,,,,,,,,,,,,,,,,,,First Bank of Nigeria
,,,,,,,,,,,,,,,,,,,,,,,,,,First City Monument Bank
,,,,,,,,,,,,,,,,,,,,,,,,,,Guaranty Trust Bank
,,,,,,,,,,,,,,,,,,,,,,,,,,Heritage Bank Plc
,,,,,,,,,,,,,,,,,,,,,,,,,,Jaiz Bank
,,,,,,,,,,,,,,,,,,,,,,,,,,Keystone Bank Limited
,,,,,,,,,,,,,,,,,,,,,,,,,,Providus Bank Plc
,,,,,,,,,,,,,,,,,,,,,,,,,,Polaris Bank
,,,,,,,,,,,,,,,,,,,,,,,,,,Stanbic IBTC Bank Nigeria Limited
,,,,,,,,,,,,,,,,,,,,,,,,,,Standard Chartered Bank
,,,,,,,,,,,,,,,,,,,,,,,,,,Sterling Bank
,,,,,,,,,,,,,,,,,,,,,,,,,,Suntrust Bank Nigeria Limited
,,,,,,,,,,,,,,,,,,,,,,,,,,Union Bank of Nigeria
,,,,,,,,,,,,,,,,,,,,,,,,,,United Bank for Africa
,,,,,,,,,,,,,,,,,,,,,,,,,,Unity Bank Plc
,,,,,,,,,,,,,,,,,,,,,,,,,,Wema Bank
,,,,,,,,,,,,,,,,,,,,,,,,,,Zenith Bank
,,,,,,,,,,,,,,,,,,,,,,,,,,FUD Microfinance Bank
