Staff ID,Loan Amount,Guarantor ID,Loan Tenor,Iterm Name,Supplier Name,Supplier Address,Supplier GSM,Supplier Bank,Supplier Account Number
SP/R/805,9000,SP/R/805,90,rice,mamuda,babura,05895662,access,56255425612
SP/R/405,9000,SP/R/2075,90,rice,mamuda,babura,05895662,access,56255425612
SP/R/410,9000,SP/R/805,90,rice,mamuda,babura,05895662,access,56255425612
SP/R/1165,9000,SP/R/123,90,rice,mamuda,babura,05895662,access,56255425612
SP/R/123,9000,SP/R/805,90,rice,mamuda,babura,05895662,access,56255425612
SP/R/805,9000,SP/R/2075,90,rice,mamuda,babura,05895662,access,56255425612
SP/R/247,9000,SP/R/805,90,rice,mamuda,babura,05895662,access,56255425612
SP/R/297,9000,SP/R/805,90,rice,mamuda,babura,05895662,access,56255425612
SP/R/2075,9000,SP/R/805,90,rice,mamuda,babura,05895662,access,56255425612
