Staff Number,Loan Amount,Guarantor Staff Number,Loan Tenor
JP/R/1719,27500,JP/R/1719,1
JP/R/1241,9166.666667,JP/R/1241,1
JP/R/951,6645.833333,JP/R/951,1
SP/RN/021,18333.33333,SP/RN/021,1
SP/RN/2327,13750,SP/RN/2327,1
SP/RA/920,11000,SP/RA/920,1
JP/R/363,11000,JP/R/363,1
SP/RN/899,32083.33333,SP/RN/899,1
JP/R/1601,7700,JP/R/1601,1
SP/RN/1707,5500,SP/RN/1707,1
SP/RA/475,36666.66667,SP/RA/475,1
SP/RA/532,5500,SP/RA/532,1
SP/RA/903,55000,SP/RA/903,1
SP/RA/1235,8250,SP/RA/1235,1
JP/R/855,38750,JP/R/855,1
JP/R/833,18333.33333,JP/R/833,2
JP/R/1039,11000,JP/R/1039,2
JP/R/336,11000,JP/R/336,2
JP/R/341,16500,JP/R/341,2
SP/RN/660,14666.66667,SP/RN/660,2
JP/R/827,11000,JP/R/827,2
SP/RT/1383,93823.52941,SP/RT/1383,2
SP/RN/083,11000,SP/RN/083,2
SP/RN/1264,11000,SP/RN/1264,2
SP/RT/607,48888.88889,SP/RT/607,2
SP/RA/946,33857.14286,SP/RA/946,2
SP/RA/485,275000,SP/RA/485,2
SP/RA/2999,97777.77778,SP/RA/2999,2
SP/RA/3144,305555.5556,SP/RA/3144,2
SP/RN/117,66000,SP/RN/117,2
JP/R/1000,33000,JP/R/1000,3
JP/R/692,44000,JP/R/692,3
SP/RN/1297,137500,SP/RN/1297,3
SP/RN/1296,22000,SP/RN/1296,3
SP/RA/1569,190499.1501,SP/RA/1569,3
SP/RA/142,165000,SP/RA/142,3
JP/R/1255,29333.33333,JP/R/1255,4
SP/RN/842,88000,SP/RN/842,4
SP/RN/253,30555.55556,SP/RN/253,5
SP/RA/796,73333.33333,SP/RA/796,5
JP/R/1058,27500,JP/R/1058,5
JP/R/667,22916.66667,JP/R/667,5
JP/R/993,55000,JP/R/993,5
JP/R/1067,27500,JP/R/1067,5
JP/R/354,41250,JP/R/354,5
SP/RN/361,34375,SP/RN/361,5
SP/RN/256,100833.3333,SP/RN/256,5
SP/RN/054,336111.1111,SP/RN/054,5
SP/RN/250,137500,SP/RN/250,5
JP/R/846,27500,JP/R/846,5
SP/RT/2340,45833.33333,SP/RT/2340,5
SP/RN/366,82500,SP/RN/366,5
SP/RN/1741,114583.3333,SP/RN/1741,5
SP/RN/2259,73333.33333,SP/RN/2259,5
SP/RN/2421,45833.33333,SP/RN/2421,5
JP/R/1325,27500,JP/R/1325,5
SP/RN/1318,41250,SP/RN/1318,5
SP/RN/815,213888.8889,SP/RN/815,5
SP/RN/345,70922.83722,SP/RN/345,5
SP/RN/1230,66000,SP/RN/1230,5
SP/RA/481,275000,SP/RA/481,5
SP/RA/1072,137500,SP/RA/1072,5
SP/RN/127,137500,SP/RN/127,5
JP/R/1583,42136.90476,JP/R/1583,6
JP/R/1056,33000,JP/R/1056,6
JP/R/1053,33000,JP/R/1053,6
SP/RN/1013,132000,SP/RN/1013,6
JP/R/210,33000,JP/R/210,6
JP/R/2604,82500,JP/R/2604,6
JP/R/992,52250,JP/R/992,6
JP/R/760,33000,JP/R/760,6
SP/RN/344,330000,SP/RN/344,6
SP/RN/032,198000,SP/RN/032,6
SP/RN/060,330000,SP/RN/060,6
SP/RN/962,237124.9026,SP/RN/962,6
SP/RN/367,110000,SP/RN/367,6
SP/RN/1747,201666.6667,SP/RN/1747,6
SP/RN/2392,149470.56,SP/RN/2392,6
SP/RA/1097,159500,SP/RA/1097,6
JP/R/1770,102666.6667,JP/R/1770,7
JP/R/1535,38500,JP/R/1535,7
JP/R/1035,77000,JP/R/1035,7
JP/R/1851,28729.16667,JP/R/1851,7
SP/RN/1172,213888.8889,SP/RN/1172,7
JP/R/242,57750,JP/R/242,7
SP/RN/1254,427777.7778,SP/RN/1254,7
SP/RN/1764,96250,SP/RN/1764,7
SP/RN/982,192500,SP/RN/982,7
JP/R/747,64166.66667,JP/R/747,7
SP/RN/2243,328686.8868,SP/RN/2243,7
SP/RN/2233,449166.6667,SP/RN/2233,7
SP/RN/940,299444.4444,SP/RN/940,7
SP/RN/544,256666.6667,SP/RN/544,7
SP/RN/1484,1069444.444,SP/RN/1484,7
SP/RN/2796,449166.6667,SP/RN/2796,7
SP/RN/1311,256666.6667,SP/RN/1311,7
SP/RA/1214,449166.6667,SP/RA/1214,7
SP/RA/702,295166.6667,SP/RA/702,7
SP/RN/2924,449166.6667,SP/RN/2924,7
SP/RC/164,1283333.333,SP/RC/164,7
JP/R/287,46200,JP/R/287,7
SP/RN/942,121275,SP/RN/942,7
SP/RN/849,300941.6667,SP/RN/849,7
SP/RN/427,293333.3333,SP/RN/427,8
SP/RN/848,293333.3333,SP/RN/848,8
SP/RN/2685,146666.6667,SP/RN/2685,8
SP/RN/804,146666.6667,SP/RN/804,8
SP/RN/657,440000,SP/RN/657,8
SP/RA/1370,385556.0658,SP/RA/1370,9
SP/RN/2393,275000,SP/RN/2393,10
SP/RN/2356,183333.3333,SP/RN/2356,10
SP/RN/2292,137500,SP/RN/2292,10
SP/RN/1338,366666.6667,SP/RN/1338,10
SP/RN/2569,611111.1111,SP/RN/2569,10
SP/RN/1482,1100000,SP/RN/1482,10
SP/RN/2674,354444.4444,SP/RN/2674,11
JP/R/1831,60500,JP/R/1831,11
SP/RN/309,141166.6667,SP/RN/309,11
SP/RN/744,403333.3333,SP/RN/744,11
SP/RN/015,806666.6667,SP/RN/015,11
SP/RA/2188,613269.8672,SP/RA/2188,11
SP/RN/710,672222.2222,SP/RN/710,11
SP/RT/2004,201666.6667,SP/RT/2004,11
SP/RN/2307,284506.1732,SP/RN/2307,11
SP/RN/810,369722.2222,SP/RN/810,11
SP/RN/338,403333.3333,SP/RN/338,11
SP/RN/123,697690.5704,SP/RN/123,11
SP/RN/2820,181500,SP/RN/2820,11
SP/RA/1624,134444.4444,SP/RA/1624,11
SP/RA/1101,201666.6667,SP/RA/1101,11
SP/RN/082,293333.3333,SP/RN/082,12
SP/RN/2276,330000,SP/RN/2276,12
SP/RN/2106,220000,SP/RN/2106,12
SP/RN/2107,146666.6667,SP/RN/2107,12
JP/R/328,70000,JP/R/328,12
SP/RN/292,366666.6667,SP/RN/292,12
SP/RA/817,220000,SP/RA/817,12
SP/RA/171,733333.3333,SP/RA/171,12
SP/RN/1840,131313.2318,SP/RN/1840,13
SP/RN/1390,71500,SP/RN/1390,13
JP/R/379,262608.0247,JP/R/379,13
JP/R/1445,822450.6185,JP/R/1445,13
SP/RN/1886,317777.7778,SP/RN/1886,13
SP/RN/272,1588888.889,SP/RN/272,13
JP/R/896,238333.3333,JP/R/896,13
JP/R/852,566492.9902,JP/R/852,15
SP/RN/106,550000,SP/RN/106,15
SP/RN/2317,495000,SP/RN/2317,15
SP/RN/926,165000,SP/RN/926,15
SP/RA/1100,916666.6667,SP/RA/1100,15
SP/RN/3437,825000,SP/RN/3437,15
JP/R/863,55000,JP/R/863,15
JP/R/355,55000,JP/R/355,15
JP/R/220,55000,JP/R/220,15
JP/R/919,64166.66667,JP/R/919,15
SP/RN/1217,55000,SP/RN/1217,15
JP/R/826,110000,JP/R/826,15
SP/RN/2241,137500,SP/RN/2241,15
SP/RA/701,183333.3333,SP/RA/701,15
SP/RN/535,192500,SP/RN/535,15
SP/RN/130,55000,SP/RN/130,15
JP/R/1498,68750,JP/R/1498,15
SP/RN/271,91666.66667,SP/RN/271,15
SP/RN/016,137500,SP/RN/016,15
SP/RN/372,224457.7975,SP/RN/372,16
SP/RN/1802,334792.7146,SP/RN/1802,16
SP/RN/010,3475555.556,SP/RN/010,16
SP/RN/558,293333.3333,SP/RN/558,16
SP/RN/1187,263185.1852,SP/RN/1187,17
JP/R/1605,311666.6667,JP/R/1605,17
SP/RN/3056,808500,SP/RN/3056,18
JP/R/3486,564300,JP/R/3486,18
JP/R/2759,425700,JP/R/2759,18
SP/RT/869,287100,SP/RT/869,18
JP/R/244,164289.5118,JP/R/244,18
