Staff Number,Monthly Savings,Consolidated Savings
SP/RA/1473,2000,2000
JP/R/1583,2000,2000
JP/R/361,2000,2000
JP/R/2776,2000,2000
JP/R/1440,2000,2000
JP/R/105,2000,2000
JP/R/1715,2000,2000
JP/R/1398,2000,2000
JP/R/783,2000,2000
JP/R/2579,2000,2000
JP/R/426,2000,2000
JP/R/2509,2000,2000
JP/R/2681,2000,2000
JP/R/382,4000,1999.11
JP/R/2456,5000,2000
JP/R/732,5000,2000
SP/RN/1822,2000,17000
JP/R/782,5000,2000
SP/RN/2795,5000,2000
JP/R/1491,5000,2000
JP/R/220,5000,2046.3
JP/R/831,5000,2000
JP/R/833,5000,2000
JP/R/3082,5000,2000
SP/RN/1902,5000,2000
JP/R/1247,5000,2000
SP/RT/2875,5000,2000
JP/R/2829,5000,17500
JP/R/1837,5000,2000
JP/R/1253,5000,2100
SP/RN/1388,5000,2000
JP/R/827,5000,2000
JP/R/1717,5000,2000
JP/R/733,5000,2000
SP/RN/926,5000,2000
SP/RN/2033,25000,72000
JP/R/2676,2000,2000
JP/R/2517,2000,2000
JP/R/768,2000,2000
SP/RN/1219,2000,2000
JP/R/1039,2000,2000
JP/R/218,2000,2000
JP/R/2732,2000,4000
SP/RA/438,2000,2000
JP/R/1350,3000,2000
JP/R/2893,7000,2000
JP/R/1408,2000,2000
JP/R/863,2000,2000
SP/RN/1319,2000,2000
JP/R/1000,3000,2000
SP/RN/2327,10000,2000
SP/RN/397,2000,2000
JP/R/420,2000,2000
SP/RN/1078,2000,2000
SP/RA/1125,2000,2000
JP/R/2720,2000,2000
JP/R/2712,2000,6000
SP/RN/880,5000,2000
SP/RN/2421,5000,2000
SP/RN/2110,5000,2000
JP/R/245,5000,2000
SP/RN/215,5000,2000
JP/R/2452,5000,2000
SP/RN/819,5000,2000
SP/RT/1293,5000,7000
JP/R/322,10000,2000
JP/R/1781,10000,2000
SP/RN/1223,10000,2000
JP/R/778,10000,2000
SP/RA/306,10000,2000
SP/RN/1222,10000,4000
 SP/RN/1832 ,10000,12000
SP/RT/1208,10000,2000
JP/R/1498,10000,22000
SP/RN/3061,10000,2000
SP/RN/2001,10000,2000
SP/RN/1243,10000,2000
SP/RN/961,10000,2000
JP/R/2475,10000,2000
JP/R/421,10000,2000
JP/R/1733,10000,2000
SP/RN/712,10000,2000
SP/RN/2106,10000,3000
 JP/R/834 ,10000,2000
SP/RN/1695,10000,2000
 JP/R/324 ,10000,2000
SP/RN/599,10000,2000
JP/R/868,10000,2000
JP/R/1582,10000,2000
SP/RN/2261,40000,2000
SP/RA/604,2000,2078.48
SP/RN/2112,10000,2000
JP/R/2403,7000,15000
SP/RN/1802,15000,2000
SP/RN/457,15000,2000
SP/RN/2390,15000,34000
SP/RN/404,40000,92000
JP/R/2586,2000,2000
JP/R/2682,4000,2000
SP/RN/2386,4000,4000
SP/RN/387,17000,2000
JP/R/1002,2000,2000
JP/R/1010,10000,2000
SP/RN/963,20000,2000
SP/RA/512,2000,5000
JP/R/341,5000,2000
JP/R/1520,5000,2100
SP/RN/1224,5000,7000
SP/RN/974,5000,2000
 JP/R/1082 ,5000,2000
JP/R/2551,5000,29000
SP/RN/124,10000,2000
JP/R/1372,10000,2000
JP/R/2742,10000,2500
SP/RN/1259,10000,15500
JP/R/2764,15000,2000
SP/RN/960,20000,2000
 SP/RN/116 ,20000,2000
SP/RA/1122,20000,2000
JP/R/964,20000,40000
SP/RN/940,25000,7000
JP/R/2826,50000,32000
SP/RN/703,5000,2000
JP/R/1432,15000,2000
SP/RA/1165,20000,54000
SP/RN/293,5000,3000
JP/R/1019,2000,2000
JP/R/247,5000,2000
SP/RN/969,5000,1900
SP/RN/378,10000,2000
JP/R/2880,10000,2000
JP/R/1819,10000,4000
 SP/RN/059 ,10000,12000
JP/R/210,15000,2000
SP/RN/1909,20000,52000
SP/RN/2736,30000,2000
SP/RA/1214,30000,2000
SP/RN/708,20000,12000
SP/RN/2324,5000,12000
SP/RN/555,10000,2000
SP/RN/3570,20000,5000
SP/RN/1536,25000,2000
SP/RN/2397,40000,32500
SP/RN/1698,20000,72000
SP/RN/2247,25000,17000
SP/RN/338,30000,13000
SP/RN/2884,50000,2900
SP/RN/304,50000,2000
SP/RN/2858,50000,2000
SP/RN/603,15000,2000
SP/RN/1217,50000,4000
SP/RN/2272,25000,17500
SP/RN/802,20000,2000
SP/RA/1457,20000,2000
SP/RA/594,20000,2000
SP/RA/064,20000,2000
SP/RN/2232,40000,2000
SP/RA/920,40000,2000
JP/R/261,20000,4000
SP/RA/2999,20000,5000
SP/RN/2199,50000,2000
SP/RN/1772,50000,2000
SP/RA/1496,20000,2000
SP/RA/702,50000,2000
SP/RN/1484,50000,52000
SP/RN/3052,50000,2000
SP/RA/1345,25000,2000
SP/RA/3466,50000,2000
JP/R/854,2000,4000
SP/RN/973,2000,4000
 SP/RN/250 ,2000,4000
SP/RN/786,5000,32000
JP/R/042,2000,4000
JP/R/2400,2000,4000
JP/R/1839,2000,6000
SP/RA/887,2000,2000
SP/RN/889,5000,7000
JP/R/1817,5000,7000
JP/R/380,10000,19000
JP/R/1375,10000,12000
SP/RN/746,2000,4000
JP/R/415,15000,17000
SP/RN/238,20000,57000
SP/RN/3295,5000,7000
SP/RN/1844,10000,12000
SP/RN/1187,10000,12000
SP/RA/1099,10000,12000
SP/RA/817,10000,12000
JP/R/2142,5000,7000
JP/R/1352,5000,7000
SP/RN/1295,10000,12000
SP/RA/767,10000,12826.19
SP/RA/1145,10000,62000
SP/RN/1681,50000,52000
SP/RN/442,3000,8000
JP/R/1412,5000,12000
SP/RN/1651,20000,22000
JP/R/707,10000,17000
SP/RA/650,10000,12000
SP/RN/1037,10000,12000
SP/RN/452,44000,46000
SP/RA/527,20000,22000
SP/RA/2938,50000,100000
JP/R/1521,2000,4000
SP/RN/117,2000,4000
JP/R/663,2000,4000
SP/RN/1502,2000,4000
JP/R/1777,2000,4000
SP/RA/1127,2000,4000
JP/R/1391,2000,4000
JP/R/467,2000,4000
JP/R/1601,2000,4125
JP/R/223,2000,4000
JP/R/734,2000,4000
JP/R/1775,2000,4000
JP/R/1690,2000,4000
SP/RN/249,2000,4000
JP/R/1849,2000,4000
SP/RN/2309,2000,-2000
JP/R/205,2000,4046.31
JP/R/227,2000,4000
JP/R/1445,2000,4000
JP/R/330,2000,8000
JP/R/241,2000,4000
JP/R/1088,2000,4000
SP/RN/852,2000,4000
SP/RN/054,2000,4000
JP/R/1719,2000,8000
JP/R/943,2000,4000
SP/RN/3448,2000,4000
SP/RA/1147,2000,6000
JP/R/1546,2000,4000
JP/R/1876,2000,4000
 JP/R/2021 ,2000,4000
SP/RN/849,2000,4000
SP/RN/451,2000,4000
JP/R/237,2000,4000
JP/R/775,2000,7097.8
JP/R/340,2000,4000
SP/RA/1197,2000,4000
JP/R/1427,2000,4000
JP/R/1376,2000,4000
JP/R/578,2000,4000
JP/R/1047,2000,4000
JP/R/2548,2000,4000
 JP/R/1852 ,2000,4000
JP/R/1067,2000,4000
JP/R/682,2000,4000
JP/R/1050,2000,4000
JP/R/225,2000,4000
JP/R/1049,2000,4000
JP/R/407,2000,4000
JP/R/752,2000,4000
JP/R/864,2000,4000
SP/RN/1385,2000,4000
JP/R/355,2000,5000
JP/R/364,2000,4000
SP/RN/660,2000,4000
JP/R/2894,2000,6000
SP/RN/021,2000,4864.13
SP/RN/367,2000,4000
JP/R/1377,2000,4000
JP/R/2502,2000,4000
JP/R/1057,2000,6000
SP/RN/807,2000,6629.91
JP/R/1035,2000,12000
SP/RN/907,2000,4000
SP/RN/1702,2000,8000
JP/R/896,2000,4000
JP/R/063,2000,4000
SP/RN/1430,2000,4000
JP/R/1842,2000,4000
JP/R/2522,2000,4000
JP/R/2111,2000,4000
 JP/R/1386 ,2000,4000
 SP/RN/763 ,2000,4000
JP/R/228,2000,4000
SP/RT/2198,2000,4000
JP/R/1251,2000,4000
JP/R/1353,2000,4000
SP/RN/2987,2000,6000
JP/R/1401,2000,4000
SP/RN/699,2000,4000
SP/RT/869,2000,4000
SP/RN/251,2000,4000
JP/R/1451,2000,6000
JP/R/2868,2000,6000
JP/R/737,2000,6000
JP/R/2715,2000,6000
JP/R/2713,2000,6000
JP/R/1051,2000,8000
JP/R/379,2000,6000
SP/RA/528,2000,6000
SP/RN/1840,2000,6000
JP/R/1325,2000,6000
JP/R/2515,2000,6000
SP/RN/120,2000,6000
SP/RN/1317,2000,6000
JP/R/1070,2000,6000
JP/R/1443,2000,6000
JP/R/1576,2000,8000
JP/R/2661,2000,6000
SP/RN/567,2000,6000
JP/R/1061,2000,6000
SP/RN/1324,2000,6000
SP/RN/316,2000,6000
JP/R/709,2000,6000
JP/R/1384,2000,12000
SP/RN/2317,2000,14000
JP/R/1605,2000,13500
SP/RN/1797,2000,6000
 SP/RN/535 ,2000,6000
JP/R/423,2000,6000
JP/R/1238,2000,6000
SP/RN/1230,2000,6000
SP/RN/362,2000,6000
SP/RN/951,2000,10000
SP/RN/1833,2000,6000
JP/R/714,2000,6000
 JP/R/1351 ,2000,8500
JP/R/1241,2000,6000
SP/RN/1716,2000,6000
SP/RN/2200,2000,6000
JP/R/736,2000,6000
SP/RN/742,2000,6000
JP/R/664,2000,6000
SP/RN/1617,2000,6000
JP/R/1489,2000,6000
JP/R/586,2000,6000
JP/R/335,2000,6000
JP/R/222,2000,6000
JP/R/667,2000,6000
JP/R/2888,2000,6000
SP/RN/391,2000,6000
JP/R/2621,2000,6000
JP/R/760,2000,6000
JP/R/572,2000,8900
SP/RN/279,2000,6000
JP/R/2026,2000,6000
JP/R/740,2000,6000
 SP/RN/308 ,2000,6000
JP/R/260,2000,6000
SP/RN/3341,2000,6000
JP/R/354,2000,6000
JP/R/1058,2000,6000
JP/R/2528,2000,6000
JP/R/1413,2000,6000
SP/RN/2276,2000,6000
SP/RN/2392,2000,6000
SP/RN/1771,2000,6000
JP/R/692,2000,8000
SP/RN/1290,2000,6000
SP/RN/3056,2000,4000
SP/RN/1258,2000,8000
SP/RN/901,2000,8000
SP/RN/899,2000,8000
JP/R/336,2000,8000
SP/RN/1239,2000,8000
JP/R/2357,2000,8000
SP/RN/1497,2000,8000
JP/R/2752,2000,8000
JP/R/1069,2000,8000
JP/R/076,2000,8000
JP/R/1515,2000,8900
SP/RN/1124,2000,8000
JP/R/049,2000,8000
SP/RN/1741,2000,8000
SP/RA/643,2000,8000
JP/R/259,2000,7900
JP/R/1055,2000,7900
JP/R/719,2000,7900
JP/R/1851,2000,7900
SP/RN/1463,2000,7900
SP/RN/587,2000,8000
SP/RN/1896,2000,8500
SP/RN/032,2000,7900
JP/R/327,2000,8100
JP/R/1889,2000,8000
SP/RN/693,2000,8000
JP/R/2717,2000,8000
JP/R/047,2000,8000
SP/RN/1689,2000,10000
SP/RN/093,2000,8000
JP/R/1642,2000,10000
JP/R/759,2000,8000
SP/RN/1264,2000,8000
JP/R/363,2000,10000
JP/R/1567,2000,11000
JP/R/553,2000,10000
 SP/RN/2243 ,2000,10000
JP/R/1722,2000,12000
SP/RN/1059,2000,10000
JP/R/2025,2000,10000
SP/RT/1383,2000,10000
SP/RN/122,2000,25000
SP/RN/1724,2000,12000
SP/RA/456,2000,8000
JP/R/040,2000,10000
JP/R/1455,2000,10000
JP/R/2753,2000,10000
JP/R/2512,2000,10000
SP/RN/030,2000,10000
JP/R/1812,2000,10000
JP/R/2144,2000,12000
JP/R/1371,2000,10000
SP/RN/939,2000,10000
JP/R/1770,2000,10000
SP/RN/1354,2000,10000
JP/R/212,2000,10000
SP/RN/219,2000,10000
SP/RA/182,2000,14000
JP/R/213,2000,12250
SP/RN/2379,2000,12000
JP/R/711,2000,13000
SP/RT/1017,2000,12000
SP/RN/2796,2000,12000
JP/R/1052,2000,12000
JP/R/2768,2000,12000
SP/RA/135,2000,14000
JP/R/2541,2000,12000
 SP/RT/630 ,2000,12424.17
JP/R/1815,2000,12000
JP/R/232,2000,18500
JP/R/1466,2000,14000
SP/RA/1729,2000,14000
SP/RA/491,2000,14000
SP/RN/2664,2000,14000
SP/RN/1404,2000,14000
JP/R/989,2000,13900
SP/RN/1492,2000,13900
SP/RA/655,2000,14000
SP/RN/1094,2000,13900
SP/RN/118,2000,14000
SP/RA/482,2000,16000
 JP/R/998 ,2000,16000
 SP/RN/1766 ,2000,16000
SP/RN/1886,2000,16000
JP/R/242,2000,16000
JP/R/053,2000,22000
SP/RN/2263,2000,16000
JP/R/206,2000,16000
SP/RA/649,2000,16000
JP/R/947,2000,16000
JP/R/748,2000,38000
SP/RN/2371,2000,48000
SP/RN/816,2000,16629.9
SP/RN/1481,2000,16000
SP/RN/1390,2000,16000
JP/R/1436,2000,18000
JP/R/1056,2000,18000
JP/R/046,2000,21000
SP/RN/2820,2000,18000
SP/RN/1458,2000,18000
SP/RN/2233,2000,18500
SP/RN/1207,2000,18000
SP/RA/798,2000,18000
SP/RA/1328,2000,20000
JP/R/1472,2000,20000
SP/RA/1025,2000,20000
SP/RN/539,2000,24000
SP/RN/033,2000,20000
SP/RN/808,2000,20000
SP/RN/1782,2000,22000
JP/R/1499,2000,26000
JP/R/1006,2000,28000
SP/RN/1701,2000,58500
 SP/RN/079 ,2000,42000
SP/RN/601,2000,26000
SP/RN/2084,2000,27000
JP/R/1882,2000,30000
SP/RN/892,2000,30000
SP/RN/605,2000,24000
SP/RN/810,2000,22254.91
SP/RN/004,2000,22000
SP/RA/517,2000,24000
SP/RN/1045,2000,26000
SP/RA/634,2000,24500
JP/R/2791,2000,24000
SP/RA/560,2000,26000
 SP/RA/918 ,2000,24000
SP/RA/1725,2000,24000
SP/RN/1595,2000,26000
SP/RN/1172,2000,26000
SP/RT/559,2000,26000
SP/RN/1363,2000,214000
SP/RN/275,2000,105000
JP/R/684,2000,32000
JP/R/325,2000,32000
SP/RT/916,2000,266000
SP/RN/024,2000,177284.21
SP/RN/1021,2000,94000
JP/R/683,2000,28000
SP/RN/1335,2000,114000
SP/RN/037,2000,34659.2
SP/RN/1739,2000,100000
SP/RA/2210,2000,46000
SP/RN/2337,2000,30000
SP/RN/065,2000,44000
SP/RN/436,2000,48000
JP/R/2769,2000,28000
SP/RN/337,2000,32000
SP/RN/2824,2000,48500
SP/RA/475,2000,38000
SP/RA/1565,2000,48000
SP/RA/633,2000,48000
SP/RA/1089,2000,82000
SP/RA/2041,2000,160000
SP/RA/1098,2000,62000
SP/RA/500,2000,95000
SP/RA/645,2000,60000
 SP/RA/1712 ,2000,45000
SP/RA/1596,2000,88000
SP/RA/1100,2000,12000
SP/RA/1460,2000,122000
SP/RA/469,2000,112000
SP/RA/1355,2000,218000
SP/RA/616,2000,36000
SP/RA/945,2000,34000
SP/RA/876,2000,38000
SP/RA/2177,2000,82000
SP/RA/1235,2000,30000
SP/RA/2724,2000,68000
SP/RA/142,2000,30000
SP/RA/166,2000,170000
SP/RN/2924,2000,77000
SP/RA/2922,2000,84000
SP/RN/1666,2000,26000
 JP/R/1709 ,2000,52000
JP/R/209,2000,76000
SP/RN/075,2000,46000
SP/RN/1464,2000,10000
SP/RA/2940,2000,13000
SP/RA/2179,2000,13000
SP/RA/1569,2000,19000
SP/RA/651,2000,18000
SP/RN/106,2000,88000
SP/RN/2674,2000,8000
JP/R/2635,2000,6000
SP/RN/2662,2000,242000
JP/R/614,2000,4000
JP/R/1252,2000,4000
JP/R/670,2000,4500
SP/RN/1304,2000,3900
JP/R/2633,2000,4000
SP/RN/314,2000,8100
SP/RN/710,2000,20000
JP/R/1563,2000,4000
JP/R/429,2500,4500
JP/R/282,2500,7000
SP/RT/2004,2500,19500
 JP/R/1033 ,2500,30000
SP/RN/372,3000,5000
SP/RA/3000,3000,5000
SP/RN/1708,3000,5000
 SP/RN/1015 ,3000,5000
JP/R/781,3000,15000
SP/RN/1013,3000,8000
SP/RA/1887,3000,11000
JP/R/1380,3000,11000
JP/R/2751,3000,18000
SP/RA/1211,3000,11000
SP/RN/968,3000,12000
SP/RN/1551,3000,10900
SP/RA/1767,3000,11000
JP/R/2488,3000,14000
SP/RN/2258,3000,17500
JP/R/826,3000,23000
SP/RN/084,3000,26000
SP/RN/3028,3000,38000
JP/R/069,3000,30000
JP/R/788,3000,29000
JP/R/2143,3000,29000
JP/R/1249,3000,35000
SP/RA/932,3000,32000
SP/RN/2785,3000,33000
JP/R/2599,3000,35000
SP/RN/2328,3000,50000
SP/RA/1477,3000,71000
SP/RA/310,3000,79000
JP/R/2627,3000,42000
SP/RA/3336,3000,12000
SP/RN/082,4000,6300
JP/R/385,4000,6000
JP/R/392,4000,18000
SP/RA/468,4000,22000
SP/RA/2169,4000,27000
SP/RN/2237,5000,7000
SP/RN/1680,5000,7000
JP/R/1255,5000,7000
JP/R/1326,5000,22000
SP/RN/898,5000,7046.66
SP/RN/1005,5000,7000
SP/RA/301,5000,7000
SP/RA/874,5000,7000
SP/RN/2294,5000,7000
SP/RN/458,5000,7000
JP/R/1369,5000,7000
SP/RN/1749,5000,22000
SP/RN/334,5000,10000
SP/RN/615,5000,7000
SP/RN/2293,5000,7000
JP/R/2777,5000,7000
SP/RA/621,5000,7000
JP/R/1778,5000,10000
JP/R/043,5000,9000
SP/RA/1301,5000,7000
SP/RN/2598,5000,7000
SP/RN/866,5000,7000
 JP/R/1083 ,5000,7000
 SP/RN/1254 ,5000,7000
SP/RN/857,5000,7000
SP/RN/962,5000,7000
SP/RA/2810,5000,7000
JP/R/2000,5000,7000
SP/RA/3287,5000,15000
SP/RN/2331,5000,7000
SP/RN/078,5000,7000
SP/RN/2124,5000,7000
JP/R/1024,5000,7900
SP/RN/281,5000,7000
JP/R/1034,5000,12500
SP/RA/754,5000,7000
SP/RA/1624,5000,17000
SP/RN/970,5000,7000
JP/R/2878,5000,7000
JP/R/2877,5000,7000
SP/RN/657,5000,7078.48
SP/RT/2869,5000,7000
SP/RN/1318,5000,12000
JP/R/2648,5000,7000
JP/R/2757,5000,11100
JP/R/2754,5000,7000
SP/RN/253,5000,12000
 SP/RN/2346 ,5000,11000
JP/R/992,5000,7000
SP/RN/2794,5000,12000
SP/RN/017,5000,7000
SP/RN/704,5000,7000
SP/RA/3001,5000,7000
JP/R/208,5000,7000
SP/RN/1742,5000,7000
SP/RN/2296,5000,7000
JP/R/400,5000,7659.15
SP/RN/450,5000,12000
JP/R/193,5000,17000
JP/R/780,5000,7000
SP/RN/3596,5000,8000
SP/RN/900,5000,7000
SP/RN/441,5000,16000
SP/RN/1465,5000,7000
SP/RN/543,5000,17000
JP/R/582,5000,7000
JP/R/784,5000,7000
SP/RN/016,5000,7000
SP/RA/1736,5000,7000
SP/RN/271,5000,12000
SP/RA/507,5000,22000
SP/RA/156,5000,12000
JP/R/287,5000,16900
SP/RA/1181,5000,12500
JP/R/1808,5000,12000
JP/R/1437,5000,12000
SP/RN/842,5000,12000
SP/RN/685,5000,12157.21
SP/RN/2255,5000,12000
SP/RN/422,5000,12000
SP/RN/309,5000,12000
SP/RA/2053,5000,57000
SP/RN/1720,5000,12900
SP/RN/2612,5000,12000
 SP/RN/821 ,5000,17000
JP/R/1414,5000,12000
JP/R/1612,5000,12000
SP/RA/3305,5000,12000
SP/RN/2292,5000,12000
SP/RA/2275,5000,12000
SP/RN/013,5000,12000
 SP/RN/959 ,5000,17000
SP/RA/1185,5000,17000
SP/RA/1186,5000,17000
SP/RA/3399,5000,12000
JP/R/2479,5000,12000
JP/R/1453,5000,12000
SP/RN/027,5000,12000
SP/RN/804,5000,12000
JP/R/3112,5000,12000
JP/R/2767,5000,12000
SP/RN/126,5000,15000
SP/RT/2340,5000,12000
SP/RA/3073,5000,30000
SP/RN/398,5000,17000
SP/RN/584,5000,12000
JP/R/3486,5000,65000
SP/RA/638,5000,17000
SP/RN/1282,5000,17000
 SP/RN/2029 ,5000,17000
SP/RN/1667,5000,31000
JP/R/893,5000,17000
JP/R/041,5000,17692.71
JP/R/713,5000,17000
SP/RN/544,5000,17000
SP/RN/912,5000,17000
SP/RN/2678,5000,17000
JP/R/349,5000,17959.2
SP/RA/480,5000,17000
SP/RA/771,5000,18000
SP/RN/3118,5000,20000
JP/R/993,5000,19000
SP/RN/128,5000,32000
SP/RA/1079,5000,16900
SP/RN/1135,5000,17500
SP/RN/366,5000,17000
SP/RN/2700,5000,17000
SP/RN/906,5000,17625
SP/RA/1225,5000,17000
SP/RN/1116,5000,17000
SP/RT/607,5000,22500
SP/RN/2480,5000,22000
SP/RN/444,5000,22000
SP/RN/2482,5000,22000
SP/RN/1892,5000,22000
SP/RN/2104,5000,22250
SP/RA/946,5000,22000
SP/RA/985,5000,27000
SP/RN/283,5000,22000
SP/RA/155,5000,22000
SP/RA/636,5000,22934.66
SP/RN/289,5000,22439.4
SP/RN/545,5000,25000
SP/RA/146,5000,22000
JP/R/1003,5000,22000
SP/RN/1205,5000,22000
JP/R/248,5000,27000
JP/R/1279,5000,27000
SP/RN/2560,5000,22000
SP/RN/344,5000,32000
JP/R/1060,5000,22000
SP/RN/2241,5000,32000
SP/RN/035,5000,27000
JP/R/2861,5000,24000
SP/RN/1869,5000,27000
SP/RN/3029,5000,27500
SP/RA/815,5000,27000
JP/R/1415,5000,27000
JP/R/2552,5000,27000
JP/R/666,5000,32000
SP/RN/1475,5000,31900
SP/RN/2322,5000,32000
SP/RN/841,5000,32220.36
SP/RN/386,5000,32000
JP/R/2588,5000,37000
SP/RN/270,5000,37000
SP/RA/1210,5000,37000
SP/RN/2227,5000,37000
JP/R/402,5000,42499.1
SP/RN/1038,5000,37000
SP/RN/2348,5000,37000
SP/RA/924,5000,37000
JP/R/580,5000,37500
JP/R/1533,5000,39000
SP/RN/2257,5000,42000
JP/R/990,5000,42000
JP/R/1423,5000,56000
SP/RA/454,5000,47000
SP/RA/797,5000,47000
SP/RN/257,5000,47000
JP/R/718,5000,47000
SP/RA/2188,5000,52000
SP/RN/581,5000,47000
JP/R/1645,5000,59000
SP/RA/2172,5000,52000
SP/RN/1677,5000,187000
SP/RN/129,5000,62000
SP/RN/2458,5000,53000
SP/RN/877,5000,61000
SP/RN/462,5000,52000
SP/RN/1338,5000,52000
SP/RA/2164,5000,52000
SP/RT/561,5000,57000
SP/RN/715,5000,57000
SP/RN/2602,5000,57000
SP/RA/472,5000,87000
 SP/RA/640 ,5000,60000
JP/R/211,5000,245000
SP/RN/2238,5000,106500
SP/RN/1269,5000,71500
SP/RN/1169,5000,97000
SP/RA/923,5000,273000
SP/RN/010,5000,82000
SP/RN/081,5000,232000
SP/RN/911,5000,119840.94
SP/RT/433,5000,82000
SP/RN/1740,5000,187000
SP/RN/307,5000,87000
SP/RN/1302,5000,197000
SP/RN/1830,5000,250000
SP/RN/1346,5000,362000
SP/RN/2310,5000,132000
SP/RA/1485,5000,705000
SP/RA/1344,5000,430000
SP/RA/598,5000,90000
SP/RA/532,5000,32000
SP/RA/1734,5000,247000
SP/RA/522,5000,82000
SP/RA/518,5000,105000
SP/RA/515,5000,290000
SP/RA/1101,5000,67000
SP/RA/1333,5000,305000
SP/RA/136,5000,400000
JP/R/2587,5000,55000
SP/RN/056,5000,30000
SP/RN/2849,5000,25000
SP/RN/860,5000,47000
SP/RN/3372,5000,20000
SP/RN/2316,5000,12500
SP/RN/1268,6000,10000
SP/RN/557,6000,62000
JP/R/057,7000,11000
SP/RN/1342,7000,10000
SP/RA/1366,7500,247500
SP/RN/3084,7500,20000
SP/RN/1707,8000,16000
JP/R/665,10000,12000
SP/RN/3577,10000,18000
JP/R/1407,10000,12000
JP/R/370,10000,12000
SP/RN/1747,10000,12000
SP/RN/1764,10000,12000
SP/RN/1368,10000,17100
JP/R/792,10000,12000
JP/R/353,10000,32000
JP/R/2714,10000,12000
JP/R/846,10000,15000
SP/RN/2771,10000,1226500
SP/RN/197,10000,12000
JP/R/411,10000,12000
SP/RA/2290,10000,12000
SP/RN/2356,10000,12000
JP/R/1419,10000,12000
SP/RA/701,10000,22000
SP/RN/3367,10000,12000
SP/RN/107,10000,25000
 SP/RN/345 ,10000,12000
SP/RA/1097,10000,12000
JP/R/1899,10000,12000
SP/RN/1592,10000,12000
JP/R/979,10000,12000
JP/R/575,10000,12125
SP/RN/1272,10000,12000
JP/R/2032,10000,12000
SP/RT/255,10000,12000
SP/RN/2344,10000,12000
SP/RN/3106,10000,12000
SP/RN/805,10000,12000
SP/RN/3437,10000,12000
SP/RN/1559,10000,12000
SP/RN/2298,10000,12000
SP/RN/1750,10000,22900
SP/RN/624,10000,12000
JP/R/839,10000,12000
SP/RN/100,10000,12000
 SP/RN/838 ,10000,12000
JP/R/1166,10000,12000
SP/RN/3129,10000,12000
SP/RA/796,10000,12000
SP/RN/2318,10000,22000
SP/RN/2687,10000,22500
JP/R/1378,10000,27000
JP/R/2759,10000,12000
SP/RN/083,10000,14500
 JP/R/1535 ,10000,27000
SP/RN/986,10000,22000
JP/R/1641,10000,22000
JP/R/427,10000,26000
SP/RN/1479,10000,22000
SP/RN/744,10000,25000
SP/RN/1001,10000,27000
SP/RN/390,10000,32000
SP/RN/3338,10000,22000
SP/RT/1132,10000,22000
JP/R/1816,10000,22000
SP/RN/256,10000,22000
SP/RN/859,10000,22000
SP/RA/1106,10000,22000
SP/RA/1556,10000,42000
SP/RN/198,10000,37000
SP/RN/1323,10000,22000
SP/RA/2163,10000,22000
SP/RN/2685,10000,32000
SP/RN/2763,10000,32000
 SP/RN/928 ,10000,34000
SP/RN/972,10000,27000
SP/RN/291,10000,40000
SP/RN/1754,10000,34000
SP/RN/1713,10000,37000
SP/RN/1112,10000,40000
SP/RA/487,10000,32000
SP/RN/3069,10000,32500
SP/RN/2372,10000,32000
SP/RN/2637,10000,32000
SP/RN/2831,10000,32000
SP/RN/328,10000,35059.2
SP/RT/2035,10000,32000
JP/R/1843,10000,34000
SP/RN/347,10000,31900
SP/RA/1072,10000,32000
JP/R/371,10000,32000
SP/RN/1311,10000,42000
SP/RT/2347,10000,32000
JP/R/1403,10000,32000
SP/RN/274,10000,32000
SP/RN/2129,10000,72000
SP/RT/1871,10000,68000
SP/RA/2223,10000,42000
SP/RN/395,10000,42000
SP/RA/153,10000,46000
SP/RA/134,10000,42000
SP/RA/489,10000,42000
JP/R/2638,10000,42000
SP/RA/1199,10000,42000
SP/RA/1102,10000,52000
SP/RN/2393,10000,52000
JP/R/2192,10000,61000
SP/RN/2362,10000,52000
SP/RN/2319,10000,52000
SP/RN/611,10000,62000
SP/RA/903,10000,52000
SP/RN/1807,10000,68000
SP/RN/072,10000,87000
SP/RA/485,10000,52000
SP/RA/477,10000,62000
SP/RN/203,10000,52000
SP/RN/038,10000,52000
SP/RA/505,10000,62000
SP/RN/2321,10000,62400
SP/RA/812,10000,82420
 SP/RN/394 ,10000,82000
SP/RN/845,10000,61900
SP/RA/501,10000,61900
SP/RN/119,10000,61900
SP/RA/1584,10000,72000
SP/RN/022,10000,150000
SP/RA/694,10000,74000
SP/RN/294,10000,72900
SP/RN/904,10000,82629.91
SP/RA/516,10000,92000
SP/RA/597,10000,187500
SP/RN/1694,10000,165000
SP/RN/689,10000,93000
SP/RN/459,10000,112000
SP/RN/822,10000,92000
SP/RN/087,10000,222000
SP/RN/1173,10000,142000
SP/RN/1615,10000,102000
SP/RA/659,10000,102000
SP/RN/2446,10000,107000
SP/RA/529,10000,112000
SP/RA/525,10000,135000
SP/RA/2101,10000,120000
 SP/RN/2265 ,10000,112000
SP/RN/2271,10000,255000
SP/RN/071,10000,132000
 SP/RN/2206 ,10000,252000
SP/RN/011,10000,404000
SP/RA/526,10000,542000
SP/RA/1203,10000,540000
SP/RA/1768,10000,172500
SP/RA/157,10000,438000
SP/RA/2429,10000,272000
SP/RA/173,10000,62000
SP/RN/2565,10000,132000
JP/R/994,10000,122000
SP/RN/067,10000,110000
SP/RN/2500,10000,100000
SP/RN/2807,10000,40000
SPRN1231,10000,20000
SPRN3062,10000,20000
SPRN3468,10000,20000
JP/R/747,12000,14000
SP/RN/277,12000,230000
SP/RA/3120,12500,41500
SP/RN/1682,12500,35000
SP/RN/074,15000,17000
JP/R/2671,15000,17000
SP/RA/1738,15000,27000
JP/R/1867,15000,17000
SP/RA/609,15000,19000
SP/RA/302,15000,17305.38
SP/RN/1123,15000,17000
SP/RN/437,15000,60000
JP/R/2756,15000,32000
SP/RN/942,15000,32000
 SP/RN/346 ,15000,51000
SP/RN/284,15000,127000
SP/RA/167,15000,62376.99
SP/RN/627,15000,77000
SP/RA/530,15000,77000
SP/RT/878,15000,107000
SP/RN/1296,15000,122000
SP/RA/681,15000,150000
SP/RT/879,15000,137000
SP/RN/1752,15000,237000
SP/RN/2818,15000,250000
SP/RN/590,15000,152500
SP/RN/2749,15000,75000
SP/RA/3006,17200,258000
SP/RA/1168,20000,22000
SP/RA/2398,20000,62000
SP/RN/3566,20000,23000
SP/RN/2228,20000,52000
SP/RN/1467,20000,42000
JP/R/919,20000,82000
JP/R/2669,20000,162000
SP/RA/891,20000,99000
SP/RN/1176,20000,22000
SP/RN/1700,20000,67000
SP/RN/1111,20000,22000
SP/RN/292,20000,22000
SP/RN/1300,20000,22000
SP/RN/1043,20000,22000
 SP/RN/115 ,20000,22000
SP/RN/3585,20000,56000
SP/RN/1042,20000,192000
 SP/RN/130 ,20000,22000
SP/RN/2610,20000,46000
SP/RN/952,20000,72429.91
JP/R/1838,20000,24500
SP/RN/123,20000,22000
SP/RN/1683,20000,22000
SP/RN/1341,20000,22000
SP/RN/1614,20000,27000
SP/RN/2760,20000,22000
SP/RN/2314,20000,62000
SP/RN/563,20000,102000
SP/RN/060,20000,42000
SP/RA/1299,20000,42000
SP/RN/1263,20000,42000
SP/RA/348,20000,42000
SP/RN/2334,20000,62000
JP/R/233,20000,42000
SP/RA/1339,20000,44000
JP/R/662,20000,144000
SP/RN/1137,20000,63000
SP/RA/1315,20000,80000
SP/RA/3144,20000,62000
SP/RN/2225,20000,82000
SP/RN/848,20000,83629.91
SP/RA/305,20000,82000
SP/RA/1183,20000,84000
SP/RA/1218,20000,110000
SP/RA/481,20000,92000
SP/RN/025,20000,92000
JP/R/192,20000,126000
SP/RN/610,20000,102000
SP/RN/2387,20000,102000
SP/RA/1081,20000,202000
SP/RA/3285,20000,130000
SP/RA/1813,20000,142000
SP/RN/112,20000,142000
SP/RA/631,20000,162000
SP/RA/533,20000,182000
SP/RA/1348,20000,187000
SP/RA/1370,20000,202000
SP/RA/1071,20000,240000
SP/RN/290,20000,222000
SP/RA/1544,20000,262000
SP/RA/1894,20000,339000
SP/RN/806,20000,612000
SP/RA/1834,20000,1120000
SP/RA/2217,20000,620000
SP/RN/3438,20000,100000
SP/RN/982,22000,134000
SP/RN/2378,22500,45000
SP/RN/2066,25000,35000
 SP/RN/2207 ,25000,95000
SP/RN/2569,25000,48000
SP/RA/1114,25000,37500
SP/RA/2449,25000,500000
SP/RN/1494,25000,92000
SP/RN/1482,25000,202000
SP/RN/055,25000,197000
SP/RN/1478,30000,32000
SP/RA/158,30000,67000
SP/RN/978,30000,62000
SP/RN/2107,30000,260000
JP/R/2474,30000,32000
SP/RN/2307,30000,32000
SP/RN/938,30000,32000
SP/RN/1297,30000,214000
JP/R/329,30000,62000
SP/RA/600,30000,62750
SP/RA/401,30000,122000
SP/RA/593,30000,276000
SP/RA/152,30000,152136.95
SP/RN/343,30000,212000
 SP/RA/648 ,30000,392000
SP/RC/164,30000,315413.87
SP/RT/2825,30000,120000
SP/RN/975,32500,34500
 SP/RA/2358 ,35000,324000
SP/RN/3417,40000,42000
SP/RN/297,40000,55000
SP/RA/1602,40000,82000
SP/RA/488,40000,82000
SP/RN/272,40000,127000
SP/RN/1026,40000,132000
SP/RN/2273,40000,262500
SP/RN/1762,40000,1335000
SP/RN/1549,40000,328000
SP/RN/1661,45000,138000
SP/RN/1320,50000,232500
SP/RN/1170,50000,52000
SP/RA/443,50000,52000
SP/RN/2377,50000,52000
SP/RN/1161,50000,52000
SP/RA/886,50000,435000
SP/RA/476,50000,52000
SP/RA/162,50000,52000
JP/R/2647,50000,152000
SP/RN/285,50000,102000
SP/RN/121,50000,222000
SP/RN/045,50000,132000
SP/RN/019,50000,152000
SP/RN/656,50000,104750
SP/RA/479,50000,212500
SP/RN/3483,50000,250000
SP/RA/1501,50000,152000
SP/RN/1884,50000,152000
SP/RN/020,50000,154000
SP/RA/727,50000,202000
 SP/RN/1360 ,50000,220000
SP/RN/1014,50000,352000
SP/RN/949,50000,352000
SP/RT/417,50000,1923464.13
SP/RA/3379,50000,520000
SP/RN/2320,60000,302000
SP/RN/036,100000,484500
SP/RA/3259,100000,1100000
SP/RA/1153,,34000
JP/R/050,,87000
SP/RN/3038,,12000
SP/RA/2181,,21900
SP/RN/2338,,4000
JP/R/1519,,10000
JP/R/2381,,7000
SP/RA/1032,,1000
SP/RN/2395,,16000
JP/R/608,,2000
JP/R/2631,,10000
SP/RN/785,,2000
SP/RA/080,,2000
SP/RN/1761,,2000
SP/RA/1220,,2000
JP/R/374,,4046.31
JP/R/1009,,2000
 JP/R/1387 ,,4000
SP/RN/266,,1000
JP/R/1444,,-3000
JP/R/1791,,2000
JP/R/1397,,2000
SP/RN/2259,,4000
JP/R/1456,,2000
JP/R/1643,,2000
 JP/R/333 ,,4000
JP/R/244,,2000
SP/RN/2234,,2000
JP/R/321,,1000
 JP/R/2195 ,,2000
JP/R/331,,216000
JP/R/1449,,2000
JP/R/1134,,34000
SP/RA/1336,,2000
SP/RA/499,,4000
JP/R/044,,2000
SP/RN/929,,2629.91
SP/RN/1193,,7000
SP/RN/323,,1000
SP/RN/1184,,2000
SP/RN/2267,,1000
SP/RN/1029,,1000
 SP/RN/2343 ,,12000
SP/RN/1349,,47000
SP/RN/1144,,36000
SP/RN/051,,1000
JP/R/1587,,2000
SP/RN/1074,,54000
SP/RN/799,,2000
SP/RN/217,,1000
JP/R/023,,7000
JP/R/678,,1000
SP/RN/1103,,2100
SP/RN/1202,,14000
SP/RN/031,,2000
SP/RA/1714,,110000
SP/RN/966,,17000
SP/RN/2339,,55000
SP/RT/2010,,1000
SP/RN/564,,26000
SP/RN/1105,,1000
SP/RN/1216,,10000
SP/RN/403,,58129.03
 SP/RN/1091 ,,1000
SP/RN/1527,,12000
SP/RA/1810,,20000
SP/RN/196,,12000
SP/RN/376,,32000
SP/RN/393,,14000
 SP/RT/1294 ,,1000
SP/RN/2394,,1000
SP/RN/265,,2000
JP/R/1278,,8000
SP/RN/913,,32000
SP/RA/2044,,2000
SP/RN/262,,42760.87
SP/RN/014,,7000
SP/RN/538,,2000
SP/RN/263,,2000
SP/RN/095,,3763.34
SP/RN/034,,154500
SP/RN/2572,,172000
SP/RN/2812,,2000
SP/RN/2799,,34000
JP/R/2879,,6000
 SP/RT/1284 ,,0
SP/RA/769,,47000
SP/RA/675,,2000
SP/RA/149,,0
SP/RA/2154,,77000
SP/RA/1076,,37000
 SP/RA/1566 ,,177000
SP/RA/620,,62000
SP/RA/276,,1000
SP/RA/478,,42000
 SP/RA/1196 ,,1000
SP/RA/688,,1000
SP/RA/1597,,5000
SP/RA/1287,,-38000
SP/RA/1146,,47000
SP/RA/1265,,190000
SP/RA/1756,,1500
SP/RA/2171,,6000
SP/RA/1906,,1000
SP/RA/1175,,1000
SP/RA/890,,16000
SP/RA/510,,1000
SP/RA/658,,2000
SP/RA/147,,20000
SP/RA/137,,2000
SP/RA/445,,2000
SP/RA/950,,1000
SP/RA/635,,24000
SP/RA/141,,2000
SP/RA/776,,74000
SP/RA/1313,,7500
SP/RA/1730,,132000
SP/RA/159,,0
 SP/RA/1120 ,,2000
SP/RA/1129,,1000
SP/RA/1329,,102000
SP/RA/377,,0
SP/RA/493,,42000
SP/RC/2419,,1000
SP/RC/1623,,1000
SP/RA/639,,1383.2
JP/R/1447,,2000
SP/RA/1347,,2000
SP/RC/1835,,2000
SP/RC/2420,,2000
SP/RN/1027,,2000
SP/RN/388,,2000
SP/RN/652,,2000
SP/RC/540,,2906.52
JP/R/1275,,5000
SP/RA/1745,,7000
SP/RN/1149,,7000
SP/RN/002,,10000
SP/RN/132,,10706.95
SP/RA/1274,,12000
JP/R/1425,,15000
 SP/RN/872 ,,15000
SP/RA/1167,,17000
SP/RN/790,,22000
SP/RN/003,,90000
SP/RN/870,,110000
 SP/RT/1330 ,,4000
JP/R/576,,20000
JP/R/1399,,1000
JP/R/1018,,8500
JP/R/1422,,2000
JP/R/1416,,12000
JP/R/1801,,2000
JP/R/2514,,2250
JP/R/1891,,2000
JP/R/1431,,0
JP/R/2592,,22000
JP/R/2597,,2000
JP/R/758,,2000
JP/R/1189,,1000
SP/RN/1204,,1000
JP/R/2540,,9000
JP/R/1402,,4000
JP/R/1053,,2000
JP/R/1281,,17000
JP/R/1409,,27000
JP/R/2543,,2000
JP/R/2414,,2000
JP/R/1420,,4000
JP/R/1828,,16000
JP/R/1446,,1000
 JP/R/1426 ,,-1000
JP/R/832,,2070.49
JP/R/1600,,4500
JP/R/449,,2000
JP/R/243,,8000
JP/R/351,,28000
SP/RN/2262,,4000
JP/R/554,,14000
JP/R/1439,,2000
SP/RN/867,,1000
SP/RN/2060,,27000
SP/RN/1310,,30000
SP/RN/1020,,6000
SP/RN/2304,,12500
SP/RA/252,,6000
SP/RN/273,,1000
 SP/RN/809 ,,21000
SP/RN/1691,,0
SP/RN/068,,2000
SP/RN/2139,,8000
SP/RN/311,,7000
SP/RN/015,,2000
JP/R/430,,1000
SP/RN/2266,24000,24000
