Staff ID,Savings Amount
JP/R/1350,5000
SP/RN/1259,12000
SP/RN/1385,4000
SP/RT/2198,4000
JP/R/364,12000
JP/R/233,27000
JP/R/2829,17500
JP/R/1003,7000
SP/RN/2237,7000
SP/RN/450,7000
JP/R/1491,7000
 JP/R/1082 ,7000
SP/RN/703,7000
JP/R/353,12000
SP/RN/2104,7150
JP/R/2713,4000
SP/RN/120,4000
JP/R/1061,4000
JP/R/667,4000
 SP/RN/308 ,4000
SP/RN/901,4000
JP/R/047,4000
SPRN3468,12000
SP/RT/1383,4000
JP/R/2143,5000
JP/R/1352,7000
SP/RN/1742,7000
JP/R/2757,11100
SP/RN/1747,12000
JP/R/411,12000
JP/R/2144,4000
 SP/RT/630 ,4424.17
 SP/RN/928 ,12000
SP/RN/2066,27000
JP/R/325,11000
SP/RN/1318,7000
SP/RN/422,7000
JP/R/2767,7000
SP/RN/603,17000
SP/RN/963,7000
SP/RA/817,12000
JP/R/2669,122000
SP/RN/960,22000
SP/RA/1496,22000
SP/RN/2610,36000
JP/R/919,72000
JP/R/826,5000
SP/RN/3585,22000
SP/RN/1172,4000
SP/RN/404,2000
SP/RN/1750,12000
SP/RN/744,12000
SP/RA/920,2000
SP/RN/2637,12000
SP/RN/060,22000
SP/RN/1682,14500
SP/RN/203,22000
SP/RN/2320,62000
 SP/RN/346 ,17000
 SP/RN/2207 ,70000
 SP/RN/394 ,12000
SP/RA/812,12420
SP/RN/3483,0
SP/RN/1296,52000
SP/RN/949,152000
SP/RN/656,52750
SP/RN/1740,7000
SP/RN/2771,1011500
SP/RN/121,52000
SP/RA/1894,22000
JP/R/736,2000
JP/R/2888,2000
JP/R/1583,2000
JP/R/2776,2000
JP/R/105,2000
JP/R/1715,2000
JP/R/783,2000
JP/R/768,2000
SP/RN/1219,2000
JP/R/1047,4000
SP/RN/1822,16000
JP/R/752,2000
SP/RT/2869,2000
JP/R/733,2000
JP/R/582,7000
JP/R/732,2000
JP/R/782,2000
JP/R/833,2000
JP/R/3082,2000
SP/RN/1902,2000
SP/RN/1388,2000
JP/R/827,2000
SP/RN/215,2000
JP/R/1253,2100
JP/R/1453,2000
JP/R/467,2000
SP/RN/249,2000
JP/R/1601,2125
JP/R/2635,4000
JP/R/1049,2000
JP/R/335,2000
SP/RN/279,2000
JP/R/223,2000
JP/R/336,2000
SP/RA/946,2000
 SP/RN/2346 ,2000
JP/R/1437,2000
JP/R/245,2000
JP/R/2142,7000
SP/RA/516,2000
JP/R/1582,2000
SP/RN/3129,2000
JP/R/979,2000
 SP/RN/838 ,2000
SP/RA/2163,2000
SP/RN/2001,2000
SP/RN/961,2000
JP/R/2475,2000
JP/R/1733,2000
 JP/R/324 ,2000
SP/RN/599,2000
JP/R/868,2000
JP/R/2880,2000
JP/R/575,2125
JP/R/839,2000
JP/R/363,2000
SP/RN/219,2000
JP/R/1398,2000
JP/R/043,2000
JP/R/322,2000
SP/RA/1736,2000
JP/R/2403,14000
JP/R/682,2000
SP/RN/1802,2000
SP/RN/387,2000
SP/RA/482,2000
JP/R/1166,2000
JP/R/1010,2000
SP/RN/124,2000
JP/R/1432,2000
SP/RA/1165,54000
JP/R/2474,2000
SP/RN/940,7000
SP/RA/1328,2000
JP/R/2769,10000
SP/RN/1342,2000
SP/RA/1079,2000
SP/RA/1185,2000
SP/RA/1186,2000
 SP/RN/2029 ,2000
JP/R/893,2000
SP/RA/2290,2000
SP/RN/906,2625
SP/RN/197,2000
SP/RN/2266,2500
JP/R/1499,2000
JP/R/1249,11000
SP/RN/1713,7000
SP/RN/100,2000
SP/RA/796,2000
JP/R/2764,2000
JP/R/210,2000
SP/RN/938,2000
SP/RN/2307,2000
SP/RA/1214,22000
JP/R/778,2000
JP/R/1816,2000
SP/RA/1106,2000
SP/RA/1122,2000
SP/RN/802,2000
SP/RA/594,2000
JP/R/1378,2000
SP/RN/1123,2000
SP/RN/1323,2000
SP/RN/304,2000
SP/RN/2858,2000
SP/RN/2884,2900
SP/RA/476,2000
SP/RT/561,7000
SP/RN/123,2000
SP/RN/457,2000
SP/RA/1602,2000
SP/RN/1681,2000
SP/RN/904,2629.91
SP/RN/689,13000
SP/RN/3052,2000
SP/RN/822,2000
SP/RN/543,2000
SP/RN/284,2000
SP/RA/152,32136.95
SP/RA/1370,2000
JP/R/1401,4000
JP/R/709,4000
 SP/RN/535 ,4000
SP/RN/742,4000
SP/RN/1463,4900
JP/R/2752,4000
JP/R/040,4000
JP/R/711,7000
SP/RA/655,4000
JP/R/242,6000
SP/RN/2371,4000
SP/RN/1502,4000
JP/R/2715,6000
JP/R/379,4000
JP/R/222,4000
JP/R/2026,4000
JP/R/330,6000
SP/RN/1258,4000
JP/R/049,4000
JP/R/1889,4000
JP/R/2753,4000
JP/R/2512,4000
JP/R/748,27000
SP/RN/808,4000
 SP/RA/1712 ,4000
 SP/RN/250 ,4000
JP/R/1521,4000
JP/R/1775,4000
JP/R/1690,4000
JP/R/1088,4000
 JP/R/2021 ,4000
SP/RA/1197,4000
JP/R/1376,4000
 JP/R/1852 ,4000
JP/R/407,4000
JP/R/1842,4000
JP/R/1451,6000
JP/R/2894,4000
JP/R/737,4000
JP/R/2515,4000
JP/R/2661,4000
JP/R/586,4000
SP/RN/1771,4000
JP/R/1642,8000
JP/R/775,4097.8
JP/R/1051,4000
JP/R/076,4000
JP/R/1515,4000
JP/R/2648,4000
JP/R/2714,4000
JP/R/854,4000
JP/R/663,4000
JP/R/734,4000
JP/R/237,4000
JP/R/340,4000
JP/R/1427,4000
JP/R/578,4000
JP/R/2548,4000
JP/R/1067,4000
JP/R/1050,4000
JP/R/225,4000
JP/R/1377,4000
JP/R/2522,4000
JP/R/2111,4000
 JP/R/1386 ,4000
JP/R/205,4046.31
SP/RN/567,6000
JP/R/2754,4000
JP/R/423,4000
SP/RN/1833,4000
JP/R/1489,4000
JP/R/740,4000
SP/RN/3341,4000
JP/R/1058,4000
JP/R/572,5900
JP/R/1851,4000
JP/R/2717,4000
SP/RN/093,4000
JP/R/759,4000
SP/RN/1264,4000
JP/R/1567,7000
 JP/R/1351 ,4000
JP/R/1812,4000
JP/R/213,6250
SP/RN/2106,4000
SP/RN/2379,4000
SP/RA/2179,4000
SP/RN/2664,4000
SP/RN/810,11254.91
JP/R/947,4000
SP/RA/651,4000
SP/RN/2233,4000
JP/R/287,4000
SP/RA/560,10000
SP/RN/2309,2000
JP/R/327,4100
SP/RN/1317,6000
JP/R/1238,6000
SP/RN/1239,6000
SP/RT/1017,6000
SP/RN/1390,6000
SP/RA/1569,6000
SP/RN/892,6000
JP/R/354,6000
SP/RN/1124,6000
JP/R/553,6000
JP/R/2025,6000
JP/R/1455,6000
SP/RN/1840,6000
JP/R/1325,6000
SP/RN/1617,6000
SP/RN/391,6000
JP/R/760,6000
JP/R/260,6000
JP/R/719,6000
JP/R/1576,6000
SP/RN/693,6000
SP/RN/030,6000
SP/RN/1458,6000
SP/RN/1782,6000
SP/RN/539,6000
SP/RA/1473,6000
JP/R/361,6000
JP/R/1440,6000
JP/R/426,6000
JP/R/2509,6000
JP/R/2676,6000
JP/R/1039,6000
JP/R/218,6000
SP/RA/438,6000
JP/R/1408,6000
JP/R/863,6000
SP/RN/1319,6000
SP/RN/397,6000
JP/R/420,6000
SP/RN/1078,6000
SP/RA/1125,6000
JP/R/2720,6000
JP/R/2586,6000
JP/R/1002,6000
JP/R/1019,6000
SP/RA/887,6000
SP/RA/604,6078.48
JP/R/232,6500
SP/RA/634,6500
JP/R/989,7900
JP/R/1722,8000
JP/R/2732,8000
SP/RN/973,8000
JP/R/042,8000
JP/R/2400,8000
SP/RN/746,8000
SP/RN/117,8000
JP/R/1777,8000
SP/RA/1127,8000
JP/R/1391,8000
JP/R/1849,8000
JP/R/227,8000
JP/R/1445,8000
JP/R/241,8000
SP/RN/852,8000
SP/RN/054,8000
JP/R/943,8000
SP/RN/3448,8000
JP/R/1876,8000
SP/RN/849,8000
JP/R/864,8000
SP/RN/660,8000
SP/RN/367,8000
JP/R/2502,8000
SP/RN/907,8000
SP/RN/1430,8000
 SP/RN/763 ,8000
JP/R/228,8000
JP/R/1353,8000
SP/RN/699,8000
SP/RT/869,8000
SP/RN/251,8000
SP/RN/3056,8000
SP/RN/021,8864.13
SP/RA/512,9000
JP/R/355,9000
JP/R/2712,10000
JP/R/1839,10000
SP/RA/1147,10000
JP/R/1057,10000
SP/RN/2987,10000
JP/R/2868,10000
SP/RA/528,10000
JP/R/1070,10000
SP/RN/1324,10000
SP/RN/316,10000
SP/RN/1797,10000
SP/RN/1230,10000
SP/RN/362,10000
JP/R/714,10000
JP/R/1241,10000
SP/RN/1716,10000
SP/RN/2200,10000
JP/R/664,10000
JP/R/2621,10000
JP/R/2528,10000
JP/R/1413,10000
SP/RN/2276,10000
SP/RN/2392,10000
SP/RN/1290,10000
SP/RN/807,10629.91
JP/R/259,11900
JP/R/1055,11900
SP/RN/032,11900
JP/R/1719,12000
SP/RN/1702,12000
JP/R/692,12000
SP/RN/899,12000
SP/RN/1497,12000
JP/R/1069,12000
SP/RN/1741,12000
SP/RA/643,12000
SP/RA/456,12000
SP/RN/2674,12000
SP/RN/1896,12500
SP/RN/951,14000
SP/RN/1689,14000
 SP/RN/2243 ,14000
SP/RN/1059,14000
JP/R/1371,14000
SP/RN/939,14000
JP/R/1770,14000
SP/RN/1354,14000
JP/R/212,14000
SP/RN/1464,14000
SP/RN/083,14500
JP/R/053,16000
SP/RA/1089,16000
JP/R/1035,16000
JP/R/1384,16000
SP/RN/1724,16000
JP/R/1052,16000
JP/R/2768,16000
JP/R/1815,16000
SP/RA/1100,16000
SP/RA/2940,17000
SP/RN/334,17000
JP/R/1605,17500
SP/RN/1492,17900
SP/RN/1094,17900
SP/RN/2317,18000
SP/RA/182,18000
SP/RA/135,18000
JP/R/1466,18000
SP/RA/1729,18000
SP/RA/491,18000
SP/RN/1404,18000
 JP/R/998 ,20000
 SP/RN/1766 ,20000
SP/RN/1886,20000
SP/RN/2263,20000
JP/R/206,20000
SP/RA/649,20000
SP/RN/1481,20000
SP/RN/816,20629.9
JP/R/1436,22000
JP/R/1056,22000
SP/RN/2820,22000
SP/RN/1207,22000
SP/RA/798,22000
JP/R/1472,24000
SP/RA/1025,24000
SP/RN/033,24000
JP/R/046,25000
SP/RN/004,26000
SP/RN/605,28000
SP/RA/517,28000
JP/R/2791,28000
 SP/RA/918 ,28000
SP/RA/1725,28000
SP/RN/122,29000
SP/RN/601,30000
SP/RN/1045,30000
SP/RN/1595,30000
SP/RT/559,30000
SP/RN/1666,30000
SP/RN/2084,31000
JP/R/1006,32000
JP/R/683,32000
JP/R/1882,34000
SP/RN/2337,34000
SP/RA/1235,34000
SP/RA/142,34000
SP/RN/337,36000
SP/RA/945,38000
SP/RN/037,38659.2
SP/RA/475,42000
SP/RA/876,42000
 SP/RN/079 ,46000
SP/RN/065,48000
SP/RA/2210,50000
SP/RN/075,50000
SP/RN/436,52000
SP/RA/1565,52000
SP/RA/633,52000
SP/RN/2824,52500
 JP/R/1709 ,56000
SP/RN/1701,62500
SP/RA/645,64000
SP/RA/1098,66000
SP/RA/2724,72000
JP/R/209,80000
SP/RN/2924,81000
SP/RA/2177,86000
SP/RA/2922,88000
SP/RA/1596,92000
SP/RN/106,92000
SP/RN/1021,98000
SP/RA/500,99000
SP/RN/1739,104000
SP/RN/275,109000
SP/RA/469,116000
SP/RN/1335,118000
SP/RA/1460,126000
SP/RA/2041,164000
SP/RA/166,174000
SP/RN/024,181284.21
SP/RN/1363,218000
SP/RA/1355,222000
SP/RT/916,270000
JP/R/429,4500
JP/R/282,5000
SP/RT/2004,24500
 JP/R/1033 ,35000
JP/R/2627,5000
SP/RN/1551,5000
SP/RN/372,5000
SP/RN/1708,5000
SP/RN/1707,5000
SP/RN/3596,6000
JP/R/2488,6000
JP/R/1000,8000
JP/R/788,9000
JP/R/781,11000
SP/RA/3000,11000
 SP/RN/1015 ,11000
SP/RN/442,14000
SP/RN/1013,14000
SP/RA/1887,17000
JP/R/1380,17000
SP/RA/1211,17000
SP/RA/1767,17000
SP/RA/3336,18000
SP/RN/2258,23500
JP/R/2751,24000
SP/RN/084,32000
JP/R/069,36000
SP/RA/932,38000
SP/RN/2785,39000
JP/R/2599,41000
SP/RN/3028,44000
SP/RN/2328,56000
SP/RA/1477,77000
SP/RA/310,85000
SP/RN/2386,8000
JP/R/382,5999.11
SP/RA/468,14000
SP/RA/2169,10000
JP/R/392,10000
JP/R/2682,10000
JP/R/385,14000
SP/RN/082,14300
SP/RN/253,7000
JP/R/1817,7000
SP/RN/657,7078.48
JP/R/057,7000
SP/RN/2678,7000
JP/R/1326,7000
SPRN3062,7000
SP/RA/815,7000
JP/R/3486,7000
JP/R/1837,7000
SP/RN/1005,7000
SP/RN/857,7000
SP/RN/544,17000
JP/R/666,32000
JP/R/1778,7000
SP/RN/2794,7000
SP/RN/271,7000
JP/R/2479,7000
JP/R/3112,7000
SP/RN/344,12000
JP/R/990,7000
JP/R/402,7499.1
SP/RN/451,7000
JP/R/1251,7000
SP/RN/866,7000
SP/RN/615,7000
SP/RN/2293,7000
JP/R/2877,7000
JP/R/784,7000
SP/RT/2875,7000
SP/RN/2421,7000
SP/RA/1181,7500
SP/RA/1301,7000
SP/RN/2598,7000
JP/R/2878,7000
SP/RN/016,7000
SP/RN/842,7000
SP/RN/804,7000
JP/R/713,7000
SP/RA/1225,7000
SP/RA/507,7000
SP/RA/2164,7000
 JP/R/1535 ,7000
SP/RN/3566,8000
JP/R/1645,19000
JP/R/2456,7500
SP/RN/2602,7000
SP/RN/2255,7000
SP/RA/3001,7000
JP/R/208,7000
SP/RN/2795,7000
JP/R/831,7000
SP/RN/926,7000
JP/R/220,7046.3
JP/R/1443,7000
JP/R/2777,7000
SP/RA/621,7000
 JP/R/1083 ,7000
SP/RN/962,7000
SP/RN/2124,7000
JP/R/992,7000
SP/RN/017,7000
SP/RA/1624,7000
SP/RA/064,7000
SP/RN/1869,17000
SP/RN/1038,27000
SP/RN/2482,7000
SP/RN/1205,7000
JP/R/1060,7000
JP/R/2552,7000
SP/RN/2736,7000
SP/RN/786,7000
SP/RN/2241,7000
SP/RN/2292,2000
SP/RN/969,11900
SP/RA/3073,12000
SP/RN/2458,12000
SP/RN/129,12000
SP/RT/433,12000
JP/R/1808,12000
SP/RN/309,12000
SP/RN/912,12000
SP/RN/2480,12000
SP/RA/155,12000
SP/RN/128,12000
SP/RN/2348,12000
SP/RN/860,12000
SP/RA/2053,12000
JP/R/1247,12000
SP/RN/880,12000
SP/RN/2110,12000
JP/R/2452,12000
SP/RN/819,12000
JP/R/341,12000
SP/RN/974,12000
JP/R/247,12000
JP/R/1520,12100
SP/RN/685,12157.21
SP/RN/3029,12500
JP/R/041,12692.71
SP/RN/293,13000
SP/RT/1293,17000
SP/RN/1224,17000
SP/RN/889,17000
JP/R/1255,17000
SP/RA/301,17000
SP/RA/874,17000
SP/RN/2294,17000
SP/RN/458,17000
JP/R/1369,17000
 SP/RN/1254 ,17000
SP/RA/2810,17000
JP/R/2000,17000
SP/RN/2331,17000
SP/RN/078,17000
SP/RN/281,17000
SP/RA/754,17000
SP/RN/970,17000
SP/RN/704,17000
SP/RN/2296,17000
JP/R/780,17000
SP/RN/900,17000
SP/RN/898,17046.66
SP/RN/289,17439.4
JP/R/400,17659.15
JP/R/1412,22000
SP/RA/156,22000
SP/RN/2612,22000
JP/R/1414,22000
SP/RA/3305,22000
SP/RA/2275,22000
SP/RN/013,22000
SP/RA/3399,22000
SP/RN/027,22000
SP/RT/2340,22000
SP/RN/584,22000
JP/R/1034,22500
SP/RN/2316,22500
SP/RN/1720,22900
SP/RA/3287,25000
SP/RN/126,25000
SP/RN/441,26000
JP/R/193,27000
 SP/RN/821 ,27000
SP/RN/398,27000
SP/RA/638,27000
SP/RN/1282,27000
SP/RA/480,27000
SP/RN/366,27000
SP/RN/2700,27000
SP/RN/1135,27500
JP/R/349,27959.2
SP/RA/771,28000
JP/R/993,29000
SP/RN/3118,30000
SP/RN/3372,30000
SP/RN/1749,32000
SP/RN/444,32000
SP/RN/1892,32000
SP/RN/283,7000
SP/RA/146,32000
SP/RN/2560,32000
SP/RT/607,32500
SP/RA/636,32934.66
JP/R/2861,34000
SP/RN/545,35000
SP/RN/2849,35000
SP/RA/985,37000
JP/R/248,37000
JP/R/1279,37000
SP/RN/035,37000
JP/R/1415,37000
JP/R/2551,39000
SP/RN/056,40000
SP/RN/1667,41000
SP/RN/1475,41900
SP/RN/2322,42000
SP/RN/386,42000
SP/RA/532,42000
SP/RN/841,42220.36
JP/R/2588,47000
SP/RN/270,47000
SP/RA/1210,47000
SP/RN/2227,47000
SP/RA/924,47000
JP/R/580,47500
JP/R/1533,49000
SP/RA/454,57000
SP/RA/797,57000
SP/RN/257,57000
JP/R/718,57000
SP/RN/581,57000
SP/RA/2188,62000
SP/RA/2172,62000
SP/RN/1338,62000
JP/R/1423,66000
SP/RN/715,67000
SP/RN/877,71000
SP/RA/1101,77000
SP/RN/1269,81500
SP/RN/010,92000
SP/RA/522,92000
SP/RA/472,97000
SP/RN/307,97000
SP/RA/598,100000
SP/RN/1169,107000
SP/RA/518,115000
SP/RN/2238,116500
SP/RN/911,129840.94
SP/RN/2310,142000
SP/RN/1677,197000
SP/RN/1302,207000
SP/RN/081,242000
JP/R/211,255000
SP/RA/1734,257000
SP/RN/1830,260000
SP/RA/923,283000
SP/RA/515,300000
SP/RA/1333,315000
SP/RN/1346,372000
SP/RA/136,410000
SP/RA/1344,440000
SP/RA/1485,715000
SP/RN/557,24000
SP/RN/1268,11000
JP/R/2893,16000
SP/RN/3084,35000
SP/RA/1366,262500
SP/RN/1844,12000
SP/RN/2362,12000
SP/RN/563,12000
SP/RN/107,15000
SP/RA/659,12000
SP/RN/3577,12000
JP/R/2742,12500
SP/RN/1311,32000
JP/R/1843,14000
SP/RN/986,12000
SP/RN/2393,12000
JP/R/707,12000
SP/RN/1479,12000
SP/RN/1001,12000
SP/RA/903,12000
SP/RA/2429,22000
JP/R/1498,12000
JP/R/665,12000
SP/RN/1764,12000
SP/RN/1592,12000
SP/RT/1208,12000
SP/RN/1695,12000
SP/RN/1368,17100
SP/RA/1099,12000
SP/RN/2356,12000
JP/R/2032,12000
SP/RN/2344,12000
JP/R/427,16000
SP/RN/2685,22000
SP/RA/1072,12000
SP/RN/1112,20000
SP/RN/119,12000
SP/RN/072,17000
SP/RA/529,20000
SP/RA/1097,12000
JP/R/1899,12000
SP/RN/805,12000
SP/RN/3437,12000
SP/RN/3338,12000
SP/RN/347,12000
SP/RN/2327,12000
JP/R/1781,12000
SP/RN/1223,12000
SP/RA/306,12000
SP/RN/3061,12000
SP/RN/1243,12000
JP/R/421,12000
SP/RN/712,12000
 JP/R/834 ,12000
SP/RN/1222,14000
 SP/RN/1832 ,22000
SP/RN/2500,13000
JP/R/1612,12000
SP/RN/1116,12000
JP/R/1375,12000
JP/R/1407,12000
JP/R/370,12000
JP/R/1419,12000
SP/RT/255,12000
SP/RN/2298,12000
JP/R/380,19000
SP/RT/1132,12000
SP/RN/972,12000
SP/RA/616,13000
SP/RN/2372,12000
SP/RT/2035,12000
SP/RN/2232,12000
SP/RN/2257,12000
SP/RA/2223,12000
JP/R/2638,12000
SP/RA/1199,12000
JP/R/2826,12000
SP/RA/153,16000
SP/RN/462,17000
SP/RN/611,12000
SP/RA/1584,22000
SP/RA/2101,12000
JP/R/1403,2000
JP/R/896,16000
SP/RN/587,20000
SP/RN/1272,22000
SP/RN/395,22000
SP/RN/038,22000
SP/RA/173,22000
 SP/RN/2265 ,22000
SP/RN/3106,22000
JP/R/1641,22000
SP/RN/2687,22000
SP/RA/487,22000
SP/RN/274,22000
SP/RN/1615,22000
SP/RN/2112,22000
JP/R/1372,22000
SP/RN/378,22000
SP/RN/555,22000
JP/R/1024,22900
SP/RN/1807,23000
JP/R/1819,24000
JP/R/846,25000
SP/RN/2324,27000
SP/RN/2446,27000
SP/RN/067,30000
 SP/RN/059 ,32000
SP/RN/1187,32000
SP/RN/1295,32000
SP/RA/650,32000
SP/RN/1037,32000
SP/RN/3367,32000
 SP/RN/345 ,32000
SP/RN/1559,32000
SP/RN/624,32000
JP/R/2759,32000
SP/RA/767,32826.19
SPRN1231,40000
SP/RN/2318,42000
SP/RN/256,42000
SP/RN/859,42000
JP/R/684,44000
SP/RN/2565,52000
SP/RN/390,52000
SP/RN/2763,52000
SP/RN/2831,52000
JP/R/371,52000
SP/RT/2347,52000
SP/RN/3069,52500
SP/RN/328,55059.2
SP/RN/198,57000
SP/RN/291,60000
SP/RN/2807,60000
SP/RN/2129,62000
SP/RA/1556,62000
SP/RA/134,62000
SP/RA/489,62000
SP/RA/1102,72000
SP/RN/2319,72000
SP/RA/485,72000
SP/RA/1114,72500
JP/R/2192,81000
SP/RN/845,81900
SP/RA/501,81900
SP/RA/477,82000
SP/RA/505,22000
SP/RN/2321,82400
SP/RT/1871,88000
SP/RN/2314,92000
SP/RA/694,94000
SP/RN/459,132000
JP/R/994,142000
SP/RN/071,152000
SP/RA/525,155000
SP/RN/1173,162000
SP/RN/022,170000
SP/RN/1694,185000
SP/RA/1768,192500
SP/RA/597,207500
SP/RN/087,242000
SP/RN/2271,275000
SP/RN/011,424000
SP/RA/157,458000
SP/RA/1203,560000
SP/RA/526,562000
JP/R/747,14000
SP/RN/452,102000
SP/RN/277,254000
SP/RA/3120,14500
JP/R/1867,17000
SP/RA/1738,17000
SP/RN/437,40000
JP/R/2756,17000
SP/RA/609,19000
SP/RN/2390,24000
SP/RN/2818,80000
SP/RA/302,17305.38
SP/RN/942,32000
SP/RN/627,17000
SP/RA/701,47000
JP/R/415,47000
SP/RN/074,47000
SP/RA/530,107000
SP/RT/878,137000
SP/RT/879,167000
SP/RA/681,180000
SP/RN/590,182500
SP/RN/1752,267000
SP/RA/3006,292400
SP/RA/891,104000
SP/RA/1339,22000
SP/RN/1263,22000
SP/RA/1315,22000
JP/R/2671,22000
JP/R/964,70000
SP/RA/1168,22000
SP/RN/1176,22000
SP/RN/2225,22000
SP/RN/1680,25000
SP/RN/1467,62000
SP/RN/292,22000
SP/RN/1341,22000
SP/RN/2760,22000
JP/R/2587,22000
SP/RN/3438,25000
SP/RA/305,22000
SP/RA/1544,22000
JP/R/792,22000
 SP/RN/115 ,22000
SP/RN/1683,22000
SP/RA/1299,22000
 SP/RN/116 ,22000
JP/R/1838,24500
SP/RN/3570,25000
SP/RN/1909,72000
SP/RN/1700,22000
SP/RN/1043,22000
 SP/RN/130 ,22000
 SP/RA/640 ,35000
SP/RN/1137,22000
SP/RA/1183,24000
SP/RN/118,24000
SP/RN/238,37000
SP/RA/481,42000
SP/RN/290,42000
SP/RN/610,42000
SP/RN/2228,42000
SP/RA/1457,42000
JP/R/261,44000
SP/RA/2999,45000
SP/RN/708,52000
SP/RA/527,62000
SP/RN/1111,62000
SP/RN/1300,62000
SP/RN/1754,64000
SP/RN/1614,67000
SP/RA/348,82000
SP/RN/1478,82000
JP/R/662,84000
SP/RA/2398,102000
SP/RA/3144,102000
SP/RN/294,102900
SP/RN/1698,112000
SP/RN/848,123629.91
SP/RN/1042,132000
SP/RN/025,132000
SP/RA/1218,150000
JP/R/192,166000
SP/RA/3285,170000
SP/RA/1813,182000
SP/RN/112,182000
SP/RA/631,202000
SP/RA/533,222000
SP/RA/1348,227000
SP/RA/1081,242000
SP/RA/1071,280000
 SP/RN/2206 ,282000
SP/RN/806,652000
SP/RA/2217,660000
SP/RA/1834,1160000
SP/RN/982,46000
SP/RN/2378,90000
SP/RN/1494,27000
SP/RN/2247,27000
SP/RN/2569,28000
SP/RA/2449,400000
SP/RN/2033,27000
SP/RA/167,32376.99
SP/RN/1536,52000
SP/RA/1345,52000
SP/RN/2272,67500
SP/RN/055,247000
SP/RN/1482,252000
SP/RN/036,609500
JP/R/329,32000
SP/RN/2749,32000
SP/RA/401,32000
 SP/RA/648 ,102000
SP/RN/2796,32000
SP/RA/158,67000
SP/RN/1297,154000
SP/RN/343,32000
SP/RN/2662,34000
SP/RA/593,66000
JP/R/063,36000
 SP/RN/959 ,52000
SP/RA/1145,52000
SP/RN/338,73000
SP/RN/978,122000
SP/RA/600,122750
SP/RN/2387,152000
SP/RN/2107,170000
SP/RT/2825,180000
SP/RC/164,375413.87
SP/RN/975,69500
 SP/RA/2358 ,394000
SP/RN/3417,42000
SP/RN/297,55000
SP/RN/1549,208000
SP/RN/272,42000
SP/RN/2397,92500
SP/RN/2261,42000
SP/RN/1465,52000
SP/RA/488,82000
SP/RN/1026,212000
SP/RN/1762,1415000
SP/RN/1661,228000
SP/RN/019,52000
SP/RN/1651,72000
SP/RN/2334,82000
SP/RN/1320,82500
SP/RA/3379,120000
SP/RN/1170,52000
SP/RA/162,52000
SP/RN/2273,202500
SP/RN/020,52000
JP/R/2647,52000
SP/RA/3466,52000
SP/RN/1217,54000
SP/RA/443,52000
SP/RN/1884,152000
SP/RN/045,52000
SP/RA/727,52000
SP/RA/479,62500
SP/RN/968,55000
SP/RN/1484,102000
SP/RA/1501,102000
SP/RN/1014,102000
SP/RN/2199,102000
SP/RN/1772,102000
SP/RA/702,102000
SP/RN/952,142429.91
SP/RN/2377,152000
SP/RN/1161,152000
SP/RA/2938,200000
SP/RN/285,202000
 SP/RN/1360 ,320000
SP/RA/886,535000
SP/RT/417,2023464.13
SP/RA/3259,1300000
JP/R/670,2000
SP/RN/1304,2000
SP/RN/3295,2000
JP/R/1563,2000
JP/R/1717,2000
SP/RN/314,2000
SP/RA/1287,-38000
JP/R/1828,-12000
JP/R/1444,-3000
 JP/R/1426 ,-1000
 SP/RT/1284 ,0
SP/RA/149,0
SP/RA/159,0
SP/RA/377,0
JP/R/1431,0
SP/RN/1691,0
SP/RA/1032,1000
SP/RN/266,1000
JP/R/321,1000
SP/RN/323,1000
SP/RN/2267,1000
SP/RN/1029,1000
SP/RN/051,1000
SP/RN/217,1000
JP/R/678,1000
SP/RT/2010,1000
SP/RN/1105,1000
 SP/RN/1091 ,1000
 SP/RT/1294 ,1000
SP/RN/2394,1000
SP/RA/276,1000
 SP/RA/1196 ,1000
SP/RA/688,1000
SP/RA/1906,1000
SP/RA/1175,1000
SP/RA/510,1000
SP/RA/950,1000
SP/RA/1129,1000
SP/RC/2419,1000
SP/RC/1623,1000
JP/R/1399,1000
JP/R/1189,1000
SP/RN/1204,1000
JP/R/1446,1000
SP/RN/867,1000
SP/RN/273,1000
JP/R/430,1000
SP/RA/639,1383.2
SP/RA/1756,1500
JP/R/608,2000
SP/RN/785,2000
SP/RA/080,2000
SP/RN/1761,2000
SP/RA/1220,2000
JP/R/1009,2000
JP/R/1791,2000
JP/R/1397,2000
JP/R/1456,2000
JP/R/1643,2000
JP/R/244,2000
SP/RN/2234,2000
 JP/R/2195 ,2000
JP/R/1449,2000
SP/RA/1336,2000
JP/R/044,2000
SP/RN/1184,2000
JP/R/1587,2000
SP/RN/799,2000
SP/RN/031,2000
SP/RN/265,2000
SP/RA/2044,2000
SP/RN/538,2000
SP/RN/263,2000
SP/RN/2812,2000
SP/RA/675,2000
SP/RA/658,2000
SP/RA/137,2000
SP/RA/445,2000
SP/RA/141,2000
 SP/RA/1120 ,2000
JP/R/1447,2000
SP/RA/1347,2000
SP/RC/1835,2000
SP/RC/2420,2000
SP/RN/1027,2000
SP/RN/388,2000
SP/RN/652,2000
JP/R/1422,2000
JP/R/1801,2000
JP/R/1891,2000
JP/R/2597,2000
JP/R/758,2000
JP/R/1053,2000
JP/R/2543,2000
JP/R/2414,2000
JP/R/449,2000
JP/R/1439,2000
SP/RN/068,2000
SP/RN/015,2000
JP/R/832,2070.49
SP/RN/1103,2100
JP/R/2514,2250
SP/RN/929,2629.91
SP/RC/540,2906.52
SP/RN/095,3763.34
JP/R/2579,4000
JP/R/2681,4000
JP/R/2517,4000
SP/RN/2338,4000
 JP/R/1387 ,4000
SP/RN/2259,4000
 JP/R/333 ,4000
SP/RA/499,4000
 SP/RT/1330 ,4000
JP/R/1402,4000
JP/R/1420,4000
SP/RN/2262,4000
JP/R/374,4046.31
JP/R/1600,4500
SP/RA/1597,5000
JP/R/1275,5000
JP/R/1546,6000
JP/R/614,6000
JP/R/1252,6000
JP/R/2633,6000
JP/R/2879,6000
SP/RA/2171,6000
SP/RN/1020,6000
SP/RA/252,6000
JP/R/2381,7000
SP/RN/1193,7000
JP/R/023,7000
SP/RN/014,7000
SP/RA/1745,7000
SP/RN/1149,7000
SP/RN/311,7000
SP/RA/1313,7500
JP/R/2357,8000
JP/R/1278,8000
JP/R/243,8000
SP/RN/2139,8000
JP/R/1018,8500
JP/R/2540,9000
JP/R/1519,10000
JP/R/2631,10000
SP/RN/1216,10000
SP/RN/002,10000
SP/RN/132,10706.95
JP/R/2541,12000
SP/RN/3038,12000
 SP/RN/2343 ,12000
SP/RN/1527,12000
SP/RN/196,12000
SP/RA/1274,12000
JP/R/1416,12000
SP/RN/2304,12500
SP/RN/1202,14000
SP/RN/393,14000
JP/R/554,14000
JP/R/1425,15000
 SP/RN/872 ,15000
SP/RN/2395,16000
SP/RA/890,16000
SP/RN/966,17000
SP/RA/1167,17000
JP/R/1281,17000
SP/RA/1810,20000
SP/RA/147,20000
JP/R/576,20000
 SP/RN/809 ,21000
SP/RA/2181,21900
SP/RN/710,22000
SP/RN/790,22000
JP/R/2592,22000
SP/RA/635,24000
SP/RN/564,26000
JP/R/1409,27000
SP/RN/2060,27000
JP/R/351,28000
SP/RN/1310,30000
SP/RN/376,32000
SP/RN/913,32000
SP/RA/1153,34000
JP/R/1134,34000
SP/RN/2799,34000
SP/RN/1144,36000
SP/RA/1076,37000
SP/RA/478,42000
SP/RA/493,42000
SP/RN/262,42760.87
SP/RN/1349,47000
SP/RA/769,47000
SP/RA/1146,47000
SP/RN/1074,54000
SP/RN/2339,55000
SP/RN/403,58129.03
SP/RA/620,62000
SP/RA/776,74000
SP/RA/2154,77000
JP/R/050,87000
SP/RN/003,90000
SP/RA/1329,102000
SP/RA/1714,110000
SP/RN/870,110000
SP/RA/1730,132000
SP/RN/034,154500
SP/RN/2572,172000
 SP/RA/1566 ,177000
SP/RA/1265,190000
JP/R/331,216000
SPRN3413,50000
SPRA3461,40000
SPRA3380,30000
SPRA3460,30000
SPRN2774,20000
SPRN3041,10000
SPRN3284,5000
SPRN2689,5000
JPR2027,4000
SPRN2805,2000
