StaffNO,"80,298.20"
JP/R/1058,"20,000.00"
JP/R/782,"205,000.00"
JP/R/586,"32,256.98"
JP/R/711,"6,000.00"
JP/R/1002,"40,000.00"
JP/R/707,"20,130.33"
JP/R/1000,"20,000.00"
SP/RN/786,"25,659.18"
JP/R/1719,"20,000.00"
JP/R/665,"3,870.49"
JP/R/1384,"30,870.49"
JP/R/783,"20,000.00"
SP/RN/852,"3,995.51"
SP/RA/502, -   
JP/R/1422,"20,240.61"
JP/R/1770,"29,870.49"
JP/R/1412,"20,000.00"
JP/R/1437,"50,000.00"
JP/R/1387,"10,000.00"
JP/R/893,"20,000.00"
JP/R/1010,"20,000.01"
JP/R/1056, -   
JP/R/572,"50,102.69"
JP/R/839,"20,000.00"
JP/R/863,"40,000.00"
JP/R/222, -   
SP/RN/581,"100,000.00"
JP/R/775,"100,000.00"
JP/R/780,"20,929.91"
JP/R/382,"28,000.00"
JP/R/740,"117,999.91"
JP/R/385,"55,967.68"
JP/R/864, -   
JP/R/2026,"300,000.00"
JP/R/1083,"120,000.00"
JP/R/1419,"70,000.00"
SP/RA/2163,"300,000.00"
JP/R/855,"20,000.00"
JP/R/260, -   
SP/RN/1390,"20,000.00"
JP/R/1645, -   
JP/R/990,"50,464.13"
JP/R/781,"20,000.00"
JP/R/050,"20,000.00"
JP/R/758, -   
SP/RN/721,"20,000.00"
JP/R/1039,"20,000.00"
JP/R/868,"350,000.00"
JP/R/049,"85,000.00"
JP/R/614,"143,000.00"
JP/R/1351,"20,000.00"
JP/R/105,"147,000.00"
JP/R/1498,"85,000.00"
SP/RN/1354,"35,000.00"
JP/R/1052, -   
JP/R/392,"20,000.00"
JP/R/741, -   
JP/R/947,"52,000.00"
JP/R/1047, -   
JP/R/737,"40,781.26"
JP/R/1876,"20,000.00"
SP/RN/1320,"6,000.00"
JP/R/1082,"40,000.00"
JP/R/1055,"300,000.00"
JP/R/1867,"20,000.00"
SP/RN/1204,"50,000.00"
JP/R/076, -   
JP/R/287,"20,000.00"
JP/R/778,"13,629.91"
JP/R/1605,"40,000.00"
SP/RA/1496,"20,000.00"
SP/RA/560,"7,046.31"
SP/RA/080,"150,000.00"
SP/RA/2223,"4,240.61"
JP/R/768,"200,000.00"
JP/R/402, -   
JP/R/380,"120,000.00"
JP/R/1414,"40,000.00"
JP/R/1839,"40,000.00"
JP/R/1380,"20,000.00"
JP/R/1408,"60,000.00"
JP/R/1407,"20,000.00"
JP/R/047,"20,000.00"
JP/R/1252,"50,000.00"
JP/R/1535,"70,000.00"
JP/R/1377, -   
JP/R/953,"90,946.65"
JP/R/1436,"20,000.00"
JP/R/854,"20,629.91"
JP/R/1053,"125,000.00"
JP/R/1582,629.91
JP/R/209,"199,000.00"
JP/R/1035,"118,000.00"
SP/RN/1013,"50,000.00"
JP/R/1247,"5,813.71"
JP/R/1241,"5,601.01"
JP/R/1371,"20,606.71"
JP/R/826,"330,000.00"
SP/RN/1368,"33,000.00"
JP/R/734,"20,000.00"
SP/RA/302,"6,659.18"
JP/R/667,"25,000.00"
SP/RN/459,"10,870.49"
JP/R/210,"7,421.06"
JP/R/2604,"20,000.00"
JP/R/040,"20,000.00"
JP/R/324,"20,000.00"
JP/R/330, -   
JP/R/336,"180,000.00"
JP/R/241,"20,000.00"
JP/R/663,"70,000.00"
JP/R/400,"60,000.00"
JP/R/794,"200,000.00"
JP/R/1499,"100,000.00"
JP/R/2414,"30,000.00"
JP/R/956,"30,000.00"
SP/RN/2393,"19,999.99"
JP/R/992,"50,000.00"
JP/R/379,"69,999.00"
JP/R/1851,"20,000.00"
JP/R/1398, -   
JP/R/1166,"50,000.00"
JP/R/1828,"100,214.56"
JP/R/1816,"70,000.00"
JP/R/046,"100,000.00"
JP/R/1401, -   
SP/RN/1689,"90,000.00"
JP/R/1445,"20,000.00"
JP/R/1831,"20,000.00"
JP/R/833,"100,000.00"
JP/R/1443,"60,000.00"
JP/R/1369,"70,000.00"
JP/R/993,"20,000.00"
JP/R/666,"50,000.00"
JP/R/1067,"50,000.00"
JP/R/211,"50,000.00"
JP/R/1583,"60,046.31"
JP/R/1775, -   
JP/R/1255,"90,000.00"
JP/R/1403,"100,000.00"
JP/R/1006,"40,000.00"
JP/R/760,"100,000.00"
JP/R/856,"20,000.00"
JP/R/664,"105,000.00"
JP/R/670,"130,000.00"
JP/R/225,"20,967.68"
SP/RN/1481, -   
JP/R/825, -   
JP/R/354,"15,000.00"
JP/R/244,"20,000.00"
JP/R/553,"20,000.00"
JP/R/341,"200,000.00"
SP/RN/951,"70,000.00"
JP/R/361,"20,000.00"
JP/R/692,"20,000.00"
JP/R/247,"25,000.00"
JP/R/232,"22,000.00"
JP/R/063, -   
JP/R/427,"20,000.00"
SP/RN/256,"350,000.00"
SP/RN/1762,"100,000.00"
SP/RN/2060,985.14
SP/RN/397,"20,934.66"
SP/RN/075,659.18
SP/RA/1102,"4,144.57"
SP/RN/900,"32,046.31"
SP/RT/630,"20,870.49"
SP/RN/821,"50,000.00"
SP/RN/1020,"6,659.18"
SP/RN/121,"4,102.77"
SP/RN/889,"99,999.98"
SP/RN/1667,"20,601.01"
SP/RN/280,"20,000.00"
SP/RN/071,"50,000.00"
SP/RN/974,"80,000.00"
SP/RN/812,"60,000.00"
SP/RN/084,"100,000.00"
SP/RN/084,"38,000.00"
SP/RN/2304,"50,000.00"
SP/RN/978,"5,601.01"
SP/RN/130,"20,000.00"
SP/RN/1754,"67,000.00"
SP/RN/316,"23,000.00"
SP/RN/309,"90,500.00"
SP/RN/806,"20,000.00"
SP/RT/561,"27,270.90"
SP/RN/021,"150,000.00"
SP/RN/127,"50,000.00"
JP/R/235,"20,000.00"
JP/R/718,"500,000.00"
JP/R/415, -   
JP/R/349,"20,000.00"
JP/R/733,"100,000.00"
SP/RN/907,"150,000.00"
SP/RN/845,"4,626.91"
SP/RN/344,"50,000.00"
SP/RN/601,"100,000.00"
SP/RA/252,"40,689.51"
SP/RN/082,"35,000.00"
SP/RN/117,"24,000.00"
SP/RT/559, -   
SP/RN/1475,"20,000.00"
SP/RN/2327,"5,813.71"
SP/RN/914,"80,000.00"
SP/RN/017,"20,000.00"
SP/RN/1720, -   
SP/RN/807,"150,000.00"
SP/RN/656,"20,000.00"
SP/RN/059,"20,000.00"
SP/RN/848,"20,000.00"
SP/RN/912,"20,000.00"
SP/RN/404,"42,689.51"
SP/RN/1360,"20,000.00"
SP/RN/1492,"300,454.76"
SP/RT/879,"20,000.00"
SP/RN/859,"10,043.99"
SP/RN/281,"57,206.33"
SP/RN/849,"240,000.00"
SP/RN/126,"113,263.11"
SP/RN/198,"51,206.33"
SP/RN/1363,"140,000.00"
SP/RN/1169, -   
SP/RN/019,"190,000.00"
SP/RN/251, -   
SP/RN/116,"33,464.13"
SP/RN/816,"101,464.13"
SP/RN/033,"45,000.00"
SP/RN/054,"70,000.00"
SP/RA/604,"23,464.13"
SP/RA/306,"40,000.00"
SP/RN/744,"20,000.00"
SP/RN/2263,"221,150.89"
SP/RN/2613,"20,000.00"
SP/RN/1683,"24,211.75"
SP/RN/387,"20,000.00"
SP/RN/068,"81,956.95"
SP/RN/277,"100,000.00"
SP/RN/398,"300,000.00"
SP/RN/290,"35,000.00"
SP/RN/250,"20,000.00"
SP/RN/802,"100,000.00"
SP/RT/2035,"100,000.00"
SP/RN/115,"20,000.00"
SP/RN/275,"20,000.00"
SP/RN/270,"20,000.00"
SP/RN/032,"80,000.00"
SP/RN/013,"20,000.00"
SP/RN/112,"20,606.71"
SP/RN/106,"200,000.00"
SP/RN/015,"20,000.00"
SP/RN/543, -   
SP/RN/027,"40,000.00"
JP/R/329,"8,841.44"
JP/R/430,"30,000.00"
JP/R/371,"5,601.01"
JP/R/364,"40,000.00"
JP/R/919,"50,000.00"
JP/R/242,"40,000.00"
SP/RA/1299,"13,340.80"
SP/RA/2188,"30,000.00"
SP/RA/923,"20,000.00"
SP/RA/920,"20,434.88"
SP/RA/1473,"-21,000.00"
SP/RA/145,"30,000.00"
JP/R/578,"10,000.00"
JP/R/714,"10,000.00"
SP/RN/660,"100,000.00"
SP/RN/457,"34,993.61"
JP/R/353,"21,362.54"
JP/R/1612,"66,270.90"
JP/R/795,"100,464.13"
JP/R/788,"20,000.00"
JP/R/827,"301,078.48"
JP/R/679,"50,000.00"
JP/R/429,"300,000.00"
JP/R/684,"20,464.13"
JP/R/713,"20,000.00"
JP/R/205,"20,129.91"
JP/R/212,"40,000.00"
JP/R/248,"48,211.75"
JP/R/355,"20,000.00"
JP/R/220,"980,000.00"
JP/R/227, -   
JP/R/846,"24,211.75"
JP/R/374,"40,000.00"
JP/R/363,"100,000.00"
SP/RN/929,"7,046.31"
SP/RN/2356,"30,000.00"
SP/RN/452,"35,000.00"
SP/RN/949,"20,000.00"
SP/RN/1193, -   
SP/RN/899,"20,000.00"
SP/RN/129,"20,000.00"
SP/RN/323,"20,439.38"
SP/RN/1176,"20,000.00"
SP/RN/1207,"42,000.00"
SP/RN/1170,"74,400.89"
SP/RT/1383,"20,000.00"
SP/RN/1615,"61,967.68"
SP/RN/1701,"100,000.00"
SP/RN/124,"225,000.00"
SP/RN/567,"20,000.00"
SP/RA/438,"25,000.00"
SP/RT/1330,"50,000.00"
SP/RN/1282,"25,000.00"
SP/RN/739,"40,000.00"
SP/RN/391,"7,033.93"
SP/RN/1205,"6,012.01"
 SP/RN/1254 ,"70,000.00"
SP/RN/2292,"140,000.00"
SP/RN/2276,"400,000.00"
SP/RN/1766,"350,000.00"
SP/RN/2387,"60,000.00"
SP/RN/2689,"60,000.00"
SP/RT/2340,"200,000.00"
SP/RN/1029,"20,000.00"
SP/RN/699,"20,284.21"
SP/RN/1059,"29,999.98"
JP/R/1601,"100,000.00"
JP/R/326,"670,000.00"
SP/RN/624,"140,000.00"
SP/RN/1094,"20,000.00"
SP/RN/1295,"50,000.00"
SP/RN/1764,"70,000.00"
SP/RN/060,"130,000.00"
SP/RT/1208,"72,000.00"
SP/RN/986,"300,000.00"
SP/RN/1682,"80,000.00"
SP/RN/1661,"100,217.59"
SP/RT/916,"23,464.13"
SP/RN/1694,"50,000.00"
SP/RN/1782,"170,000.00"
SP/RN/422,"20,000.00"
SP/RN/982,"129,030.86"
JP/R/682,"50,790.83"
SP/RA/985,"172,670.82"
JP/R/321,"65,000.00"
JP/R/1587,"40,629.52"
JP/R/041,"108,000.00"
SP/RN/1700,"50,000.00"
SP/RN/045,"148,906.52"
SP/RN/366,"10,000.00"
SP/RN/2112,"35,000.00"
SP/RN/024,"170,000.00"
JP/R/747,"20,000.00"
SP/RN/219,"10,000.00"
SP/RN/1388,"20,000.00"
SP/RN/962,"20,000.00"
SP/RN/746,"200,000.00"
SP/RN/901,"20,220.36"
SP/RN/1802,"50,000.00"
SP/RN/958,"20,000.00"
SP/RN/1021,"20,000.00"
SP/RN/1297,"140,000.00"
SP/RN/906,"22,716.52"
SP/RN/437,"20,000.00"
SP/RN/857,"170,000.00"
SP/RN/799,"220,000.00"
SP/RN/710, -   
JP/R/2357,"1,000,000.00"
JP/R/752,"61,585.77"
SP/RN/320,"66,317.70"
SP/RN/841,"32,000.00"
SP/RN/785,"100,967.68"
JP/R/230,"30,000.00"
SP/RN/563,"87,000.00"
JP/R/1722,"350,000.00"
JP/R/053,"200,000.00"
JP/R/678,"100,000.00"
SP/RN/2317,"200,000.00"
SP/RN/1042,"78,000.00"
SP/RN/1741,"40,000.00"
SP/RN/1243,"23,464.13"
SP/RN/2243,"20,000.00"
SP/RN/2200,"100,000.00"
SP/RN/1404,"13,000.00"
SP/RN/2257,"20,000.00"
SP/RN/898,"93,934.66"
SP/RN/2241,"100,305.38"
SP/RN/1341,"28,052.99"
SP/RN/1217,"341,376.99"
SP/RN/2328, -   
SP/RN/2482,"21,466.15"
SP/RN/860,"18,826.19"
SP/RN/1886,"300,000.00"
SP/RN/122,"16,383.23"
SP/RN/892,"60,000.00"
SP/RN/1124,"19,354.19"
SP/RN/346,"20,934.66"
SP/RN/2397,"226,000.00"
SP/RN/2199,"30,000.00"
SP/RN/926,"20,000.00"
SP/RN/2206,"20,000.00"
SP/RN/599,"42,000.00"
SP/RN/712,"60,000.00"
SP/RN/2265,"130,298.20"
SP/RN/1268,"33,136.95"
SP/RN/238,"20,000.00"
SP/RN/031,"20,383.23"
SP/RN/1840,"350,000.00"
SP/RA/2449,"20,000.00"
SP/RN/611,"53,376.99"
SP/RN/2320, -   
SP/RN/1807,"25,934.66"
SP/RN/2362,"20,000.00"
SP/RN/2259,"38,424.73"
SP/RN/274,"22,000.00"
SP/RN/1833,"71,000.00"
SP/RN/1680,"24,383.23"
SP/RN/2237,"31,376.99"
SP/RN/308,"35,776.91"
SP/RN/100,"36,383.23"
SP/RN/1338,"40,826.19"
SP/RN/942,"20,461.75"
SP/RN/938,"15,934.66"
SP/RN/083,"66,000.00"
SP/RN/1430,"20,000.00"
SP/RN/2261,"16,383.23"
SP/RN/2602,"200,000.00"
SP/RN/2344,"500,000.00"
SP/RN/2233,"20,000.00"
SP/RN/1223,"16,383.23"
JP/R/1852,"20,826.19"
SP/RA/886,"31,376.99"
JP/R/327,"37,468.52"
JP/R/683,"20,000.00"
JP/R/245,"333,767.14"
JP/R/784,"20,000.00"
JP/R/208,"31,376.99"
JP/R/218,"95,000.00"
JP/R/843,"20,000.00"
SP/RN/289,"30,000.00"
SP/RN/819,"60,000.00"
SP/RN/038,"102,599.85"
SP/RN/1750,"18,298.20"
SP/RN/030,"16,383.23"
SP/RN/904,"230,000.00"
SP/RN/2421,"20,000.00"
SP/RN/1304,"40,000.00"
SP/RN/1502,"200,202.30"
SP/RN/700,"20,000.00"
SP/RN/952,"27,305.38"
SP/RN/1111,"80,000.00"
SP/RN/866,"20,000.00"
SP/RN/1463,"20,000.00"
SP/RN/1259,"20,000.00"
SP/RN/253,"20,000.00"
SP/RN/1342,"20,000.00"
SP/RN/128,"400,000.00"
SP/RN/877,"38,826.19"
SP/RN/272,"16,383.23"
SP/RN/755,"70,000.00"
SP/RN/1137,"219,354.19"
SP/RT/2004,"79,934.66"
SP/RN/2307,"20,000.00"
SP/RN/615,"75,256.98"
SP/RN/2334, -   
SP/RN/1112,"28,813.83"
SP/RN/390,"-9,659.00"
SP/RN/1135,"200,000.00"
SP/RN/969,"59,298.20"
SP/RN/266,"100,376.99"
SP/RN/2296,"33,800.00"
SP/RN/590,"20,000.00"
SP/RN/842,"38,826.19"
SP/RN/808,"33,136.95"
SP/RN/362,"300,000.00"
SP/RN/1258,"20,383.23"
SP/RN/1467,"60,000.00"
SP/RN/1078,"23,464.13"
SP/RN/557,"27,305.38"
SP/RN/2106,"20,000.00"
SP/RN/462,"200,123.32"
SP/RN/1749,"20,383.23"
SP/RA/443,"15,934.66"
SP/RN/2395,"102,202.30"
SP/RN/067,"30,000.00"
SP/RN/010, -   
SP/RN/940,"20,000.00"
SP/RT/869,"97,305.38"
SP/RN/1761,"20,000.00"
SP/RN/1884,"1,383.23"
SP/RN/1527,"20,000.00"
SP/RN/810,"27,305.38"
SP/RN/249,"40,000.00"
SP/RN/271,"20,383.23"
SP/RN/367,"500,000.00"
SP/RN/805,"107,287.78"
SP/RN/283,"63,464.13"
SP/RN/293,"31,376.99"
SP/RN/1752, -   
SP/RN/605,"100,000.00"
SP/RN/544,"20,000.00"
SP/RN/763,"28,078.48"
SP/RN/061,"21,333.64"
SP/RN/376, -   
SP/RN/386,"20,000.00"
SP/RT/417,"15,934.66"
SP/RN/081,"21,907.38"
SP/RN/395,"35,556.06"
SP/RN/451,"300,298.20"
SP/RN/804,"20,298.20"
SP/RN/610,"168,298.20"
SP/RN/1264,"63,627.25"
SP/RN/1161,"20,383.23"
SP/RN/1707,"100,000.00"
SP/RN/880,"500,000.00"
JP/R/1325,"50,934.66"
SP/RN/703,"30,000.00"
SP/RN/338,"34,599.85"
SP/RN/079,"26,383.23"
SP/RN/2394,"50,000.00"
SP/RN/693, -   
SP/RN/004,"30,000.00"
SP/RN/1318,"150,000.00"
SP/RN/830,"44,256.98"
SP/RN/1896,"75,253.75"
SP/RN/1832,"102,248.32"
JP/R/1432,"40,000.00"
SP/RN/037,"20,770.23"
JP/R/1466,"20,000.00"
JP/R/282,"30,000.00"
SP/RN/441,"20,000.00"
JP/R/2000,"31,376.99"
SP/RN/961,"40,000.00"
JP/R/407,"50,000.00"
SP/RN/708,"100,000.00"
JP/R/896,"275,000.00"
SP/RN/911,"39,305.38"
SP/RN/555,"40,000.00"
SP/RN/450, -   
SP/RT/433,"37,000.00"
SP/RT/2198,"200,298.20"
SP/RT/607,"30,000.00"
SP/RN/016, -   
SP/RN/657,"85,000.00"
SP/RN/347,"25,000.00"
SP/RN/297, -   
SP/RT/878,383.23
SP/RN/394,"20,000.00"
SP/RN/078,"20,000.00"
SP/RN/285,"18,298.20"
SP/RN/1484,"31,376.99"
SP/RN/1340,"20,000.00"
SP/RN/036,"20,134.66"
SP/RN/545,"160,000.00"
SP/RN/055,"50,298.20"
SP/RN/203,"60,000.00"
SP/RN/1739,"20,383.23"
SP/RN/1219,"47,621.39"
SP/RN/1026,"20,000.00"
SP/RN/1016,"20,000.00"
SP/RN/1614,"56,000.00"
SP/RN/1797,"200,000.00"
SP/RN/279,"244,185.72"
SP/RN/1677,"33,136.95"
SP/RN/257, -   
SP/RN/020,"36,512.29"
SP/RN/1666,"20,383.23"
SP/RN/372,"280,000.00"
SP/RA/2210,"32,256.98"
SP/RN/1747,"332,256.98"
SP/RN/1740,"33,136.95"
SP/RN/1742,"40,337.17"
SP/RN/1681,"36,383.23"
SP/RN/959,"108,256.98"
SP/RN/685,"403,136.95"
JP/R/104,"22,383.23"
SP/RN/844, -   
SP/RN/535,"20,000.00"
SP/RN/2392,"16,383.23"
SP/RA/401,"20,000.00"
SP/RN/2569,"180,000.00"
SP/RN/2107,"350,000.00"
SP/RN/963,"50,000.00"
SP/RN/2371,"48,000.00"
SP/RN/215,"300,000.00"
SP/RN/025, -   
SP/RN/328,"1,400,000.00"
SP/RA/754,"20,000.00"
SP/RA/2179,"80,000.00"
SP/RN/2607, -   
SP/RN/1317, -   
SP/RN/074, -   
SP/RN/1187, -   
SP/RN/345, -   
SP/RN/1230, -   
SP/RN/022,"20,000.00"
SP/RN/262, -   
SP/RN/558, -   
SP/RN/291, -   
SP/RN/087, -   
SP/RN/120, -   
SP/RN/294, -   
SP/RN/107, -   
SP/RN/014, -   
SP/RN/072, -   
SP/RN/035, -   
SP/RN/307, -   
SP/RN/065, -   
SP/RN/444, -   
SP/RN/436, -   
SP/RN/1497, -   
SP/RN/1293, -   
SP/RN/123, -   
SP/RN/1296,"20,000.00"
SP/RN/928,"20,000.00"
SP/RN/1014,"20,000.00"
SP/RN/1037,"20,000.00"
SP/RN/1830, -   
SP/RN/627, -   
SP/RN/2225,-65.34
SP/RN/1478, -   
SP/RN/1346, -   
SP/RN/118, -   
SP/RN/539,"35,211.75"
SP/RN/689, -   
SP/RN/292, -   
SP/RN/119, -   
SP/RN/263, -   
SP/RN/1482, -   
SP/RN/073, -   
SP/RN/011, -   
SP/RN/093, -   
SP/RN/197, -   
SP/RN/1045, -   
SP/RA/2940, -   
SP/RN/2796, -   
SP/RN/1311, -   
SP/RN/2820, -   
SP/RN/337, -   
SP/RN/2700, -   
SP/RN/2637, -   
SP/RA/305, -   
SP/RA/2810, -   
SP/RN/2824, -   
JP/R/2845, -   
SP/RA/1153, -   
SP/RA/769, -   
SP/RA/527, -   
SP/RA/091, -   
SP/RA/475,0.03
SP/RA/534,"20,000.00"
SP/RA/593,"20,000.00"
SP/RA/594, -   
SP/RA/1569,"1,000.00"
SP/RA/653, -   
SP/RA/1301, -   
SP/RA/695,"-41,738.62"
SP/RA/918,"20,000.00"
SP/RA/1457,"-40,507.96"
SP/RA/1565,"475,790.83"
SP/RA/454,"20,464.13"
SP/RA/528, -   
SP/RA/2154, -   
SP/RA/633, -   
SP/RA/887, -   
SP/RA/155, -   
SP/RA/1089, -   
SP/RA/655, -   
SP/RA/1214,"21,467.59"
SP/RA/2041, -   
SP/RA/516, -   
SP/RA/726, -   
SP/RA/640, -   
SP/RA/1098, -   
SP/RA/150, -   
SP/RA/1315, -   
SP/RA/1225, -   
SP/RA/694, -   
SP/RA/478,"3,797.77"
SP/RA/517,"3,870.49"
SP/RA/634,"3,870.49"
SP/RA/500,"3,995.51"
SP/RA/062,"4,606.71"
SP/RA/800,"4,626.91"
SP/RA/1597,"4,781.26"
SP/RA/1485,"5,813.71"
SP/RA/637,"6,659.18"
SP/RA/645,"6,659.18"
SP/RA/1712,"6,659.18"
SP/RA/1336,"6,867.55"
SP/RA/654,"7,046.31"
SP/RA/598,"9,909.77"
SP/RA/468,"10,073.51"
SP/RA/146,"13,629.91"
SP/RA/1186,"15,934.66"
SP/RA/659,"15,934.66"
SP/RA/1602,"17,770.23"
SP/RA/472,"18,298.20"
SP/RA/1220,"18,474.50"
SP/RA/1211,"18,826.19"
SP/RA/1345,"18,826.19"
SP/RA/1199,"20,000.00"
SP/RA/477,"20,000.00"
SP/RA/922,"20,000.00"
SP/RA/641,"20,000.00"
SP/RA/702,"20,000.00"
SP/RA/1168,"20,000.00"
SP/RA/1099,"20,000.00"
SP/RA/481,"20,000.00"
SP/RA/1127,"20,000.00"
SP/RA/501,"20,000.00"
SP/RA/482,"20,000.00"
SP/RA/1100,"20,000.00"
SP/RA/488,"20,000.00"
SP/RA/1146, -   
SP/RA/532,"20,826.19"
SP/RA/1460,"22,837.95"
SP/RA/1370, -   
SP/RA/469,"24,211.75"
SP/RA/508,"24,527.05"
SP/RN/701,"30,000.00"
SP/RA/600,"30,000.00"
SP/RA/796,"30,046.31"
SP/RA/1734,"30,354.19"
SP/RA/064,"35,706.95"
SP/RA/1756,"36,530.86"
SP/RA/925,"37,417.05"
SP/RA/1906,"40,000.00"
SP/RA/152,"40,000.00"
SP/RA/874,"40,000.00"
SP/RA/522,"44,661.89"
SP/RA/1125,"50,000.00"
SP/RA/649,"50,000.00"
SP/RA/946, -   
SP/RA/168,"50,629.91"
SP/RA/1355,"54,512.29"
SP/RA/651,"60,000.00"
SP/RA/476,"60,000.00"
SP/RA/317,"300,000.00"
SP/RA/526,"65,383.23"
SP/RA/1477,"70,000.00"
SP/RA/903, -   
SP/RA/631,"73,900.44"
SP/RA/917,"76,499.57"
SP/RA/499,"80,000.00"
SP/RA/1032,"87,366.62"
SP/RA/550,"99,999.22"
SP/RA/1106,"100,000.00"
SP/RA/525,"100,000.00"
SP/RA/533,"100,000.00"
SP/RA/510,"100,032.72"
SP/RA/1203,"100,150.44"
SP/RA/512, -   
SP/RA/767,"120,259.64"
SP/RA/650,"100,601.01"
SP/RA/485,"110,000.00"
SP/RA/137,"118,000.00"
SP/RA/310,"132,707.63"
SP/RA/518,"132,707.63"
SP/RA/445,"146,494.66"
SP/RA/2217,"246,046.54"
SP/RA/1894,"250,000.00"
SP/RA/616,"260,000.00"
SP/RA/672,"300,000.00"
SP/RA/677,"1,600,000.00"
SP/RA/635, -   
SP/RA/932,"500,834.55"
SP/RA/945,"200,000.00"
SP/RA/141,"250,000.00"
SP/RA/776,"200,000.00"
SP/RA/771,
SP/RA/876,
SP/RA/858,
SP/RA/638,
SP/RA/1097,
SP/RA/2177,
SP/RA/797,
SP/RA/1813,
SP/RA/156,
SP/RA/507,
SP/RA/1147,
SP/RA/184,
SP/RA/1556,
SP/RA/1313,
SP/RA/182,
SP/RA/157,
SP/RA/162,
SP/RA/301,
SP/RA/924,
SP/RA/1738,
SP/RA/2169,
SP/RA/1339,
SP/RA/515,
SP/RA/1544,
SP/RA/1624,
SP/RA/1101,
SP/RA/489,
SP/RA/530,
SP/RA/491,
SP/RA/1640,
SP/RA/1197,
SP/RA/891,
SP/RA/1235,
SP/RA/1129,
SP/RA/1725,
SP/RA/1122,
SP/RA/1736,
SP/RA/613,
SP/RA/1185,
SP/RA/1333,
SP/RA/770,
SP/RA/479,
SP/RA/1071,
SP/RA/798,
SP/RA/1072,
SP/RA/727,
SP/RA/167,
SP/RA/609,
SP/RA/772,
SP/RA/621,
SP/RA/1348,
SP/RA/636,
SP/RA/2724,
SP/RA/136,
SP/RA/151,
SP/RA/513,
SP/RA/158,
SP/RA/505,
SP/RA/142,
SP/RA/134,
SP/RA/171,
SP/RA/143,
SP/RA/161,
SP/RA/648,
SP/RA/135,
SP/RA/173,
SP/RA/681,
SP/RA/148,
SP/RA/153,
SP/RA/628,
SP/RA/166,
SP/RA/2937,
SP/RN/2924,
SP/RN/3056,
SP/RA/3001,
SP/RA/3094,
SP/RA/592,
SP/RA/3144,
SP/RA/1730,
SP/RA/658,
JP/R/955,
JP/R/836,
JP/R/835,
JP/R/195,
JP/R/231,
JP/R/224,
SP/RN/1144,
SP/RA/680,
SP/RA/908,
JP/R/226,
JP/R/240,
JP/R/246,
JP/R/406,
JP/R/668,
JP/R/751,
JP/RC/1140,
JP/RC/1141,
JP/RC/569,
SP/RA/1693,
SP/RN/096,
SP/RN/1177,
SP/RN/1310,
SP/RN/1625,
SP/RN/435,
SP/RN/809,
JP/R/1557,
JP/R/574,
JP/R/704,
SP/RA/950,
SP/RN/965,
SP/RA/688,
SP/RN/312,
SP/RT/298,
SP/RA/1274,
SP/RN/196,
SP/RN/393,
JP/R/1278,
JP/R/351,
SP/RA/149,
SP/RN/2739,
SP/RA/139,
JP/R/568,
SP/RN/278,
SP/RN/1091,
JP/R/1189,
JP/R/832,
SP/RN/455,
JP/R/789,
SP/RT/618,
JP/R/229,
SP/RN/051,
SP/RN/006,
SP/RN/867,
SP/RN/097,
SP/RA/506,
SP/RA/383,
JP/R/1065,
JP/R/1174,
SP/RN/927,
SP/RT/1284,
SP/RA/639,
JP/R/1402,
JP/R/449,
SP/RA/885,
SP/RN/018,
SP/RT/1294,
SP/RN/1216,
SP/RA/729,
SP/RN/2339,
SP/RA/588,
SP/RN/066,
SP/RN/348,
SP/RN/389,
SP/RA/133,
SP/RN/002,
SP/RA/160,
SP/RN/388,
SP/RA/1175,
SP/RN/460,
SP/RN/034,
SP/RC/108,
SP/RC/089,
SP/RA/1265,
SP/RN/109,
SP/RN/276,
SP/RN/1691,
SP/RA/001,
JP/R/191,
SP/RT/1171,
JP/R/779,
JP/R/823,
JP/R/840,
JP/R/716,
JP/R/941,
JP/R/570,
JP/R/608,
JP/R/623,
JP/R/201,
SP/RN/204,
JP/R/466,
SP/RN/052,
JP/R/414,
JP/R/113,
SP/RN/847,
SP/RN/813,
SP/RA/774,
SP/RA/803,
SP/RA/875,
SP/RA/890,
SP/RN/671,
SP/RA/493,
SP/RA/595,
JP/R/265,
JP/R/428,
SP/RA/1076,
SP/RA/1329,
SP/RA/1347,
SP/RA/622,
SP/RN/1074,
SP/RN/1103,
SP/RN/1647,
SP/RN/540,
SP/RN/790,
SP/RN/913,
SP/RN/981,
SP/RN/765,
SP/RA/675,
JP/R/554,
SP/RN/273,
SP/RA//085,
SP/RN/564,
SP/RA/1167,
SP/RN/311,
JP/R/243,
SP/RA/883,
SP/RN/131,
SP/RN/110,
SP/RN/549,
SP/RN/1025,
SP/RN/1184,
SP/RN/1349,
SP/RA/562,
SP/RN/132,
SP/RN/870,
SP/RN/269,
SP/RN/910,
SP/RA/144,
JP/R/1420,
SP/RN/456,
SP/RN/815,
SP/RN/652,
JP/R/023,
SP/RA/159,
SP/RT/461,
SP/RA/674,
SP/RA/1714,
SP/RA/147,
SP/RA/888,
SP/RN/1027,
SP/RN/1165,
SP/RN/764,
SP/RA/175,
SP/RN/003,
SP/RN/538,
SP/RN/1132,
SP/RN/872,
SP/RC/1835,
SP/RN/2572,
SP/RA/008,
SP/RA/094,
SP/RN/403,
SP/RA/620,
SP/RN/1149,
SP/RN/095,
SP/RN/2139,
SP/RA/164,
SP/RA/519,
SP/RN/817,
SP/RN/1172,
SP/RA/2999,
SP/RT/2825,
