Withdrawal ID,Staff Number,Full Name,Bank,Account Number,Account Name,Approved Withdrawal Amount,
89,SP/RT/2875,HADIZA IBRAHIM ALIYU,FIDELITY,6210046439,HADIZA IBRAHIM ALIYU,10000,OK
22,SP/RT/2869, ABDULLAHI MUHAMMAD  ,OPAY,8080858060, ABDULLAHI MUHAMMAD  ,5000,OK
72,SP/RT/2035,IBRAHIM MOHD DAWAKI,ZENITH,2085105313,IBRAHIM MOHD DAWAKI,10000,OK
176,SP/RT/2004, MUKHTAR A. BATURE ,JAIZ,0001278116, MUKHTAR A. BATURE ,15000,OK
126,SP/RT/1871,YUSIF ABDU,FIDELITY,6171675011,YUSIF ABDU,25000,OK
73,SP/RT/1208,DAUDA SAIDU GARBA,Opay,8035469002,DAUDA SAIDU GARBA,10000,OK
236,SP/RN/986,IBRAHIM ATIKU , GTBank Plc ,0161883217,IBRAHIM ATIKU ,10000,OK
184,SP/RN/975,ABDULLAHI SAMINU UMAR,MONIEPOINT,7069739010,ABDULLAHI SAMINU UMAR,30000,OK
142,SP/RN/959,ADAMU MUSA GARBA,ZENITH,2083681453,ADAMU MUSA GARBA,50000,OK
103,SP/RN/942,JIBRRIN SANI ALKALI,ZENITH,2083538320,JIBRRIN SANI ALKALI,15000,OK
172,SP/RN/938,SAGIR RABIU ABUBAKAR,KEYSTONE,6035691626,SAGIR RABIU ABUBAKAR,60000,OK
114,SP/RN/928,JAMILA USMAN,POLARIS,1742240461,JAMILA USMAN,20000,OK
121,SP/RN/919,ALIYU AHMAD ALIYU,STANBIC,0027240482,ALIYU AHMAD ALIYU,40000,OK
137,SP/RN/896, MUSTAPHA BALA ABUBAKAR ,ZENITH,2083464588, MUSTAPHA BALA ABUBAKAR ,40000,OK
17,SP/RN/880, ABBATI BARDE ,OPAY,7067675000, ABBATI BARDE ,5000,OK
227,SP/RN/857,ABDULLAHI LAWAN ,First Bank of Nigeria,3139834087,ABDULLAHI LAWAN ,30000,OK
151,SP/RN/848,NASIRU SANI YOLA,GTBANK,0020034561,NASIRU SANI YOLA,60000,OK
105,SP/RN/838,SHARAFADDIN S. ADAMU,OPAY,8037741772,SHARAFADDIN S. ADAMU,16000,OK
60,SP/RN/786, YA'U YAHAYA ,OPAY,8144440030, YA'U YAHAYA ,10000,OK
78,SP/RN/763,YUSUF YAKUBU SALIHI,OPAY,8143532352,YUSUF YAKUBU SALIHI,10000,OK
209,SP/RN/747,BALA HANNATU ,OPAY,8109193755,BALA HANNATU ,12000,OK
240,SP/RN/744,SHEHU ABDULHAMID HARUNA, OPAY ,9070309154,SHEHU ABDULHAMID HARUNA,30000,OK
168,SP/RN/712,NURA TALA,GTBANK,0123960833,NURA TALA,10000,OK
215,SP/RN/693,ADAMU NURA MUHAMMAD,Unity Bank,0021913527,ADAMU NURA MUHAMMAD,4000,OK
179,SP/RN/685, ISMAIL UMAR ,ZENITH,2081979196, ISMAIL UMAR ,10000,OK
194,SP/RN/615,USMAN UMAR,OPAY, 9010496267 ,USMAN UMAR,5000,OK
217,SP/RN/563,ALI UMAR ,GTBank Plc,0122415707,ALI UMAR ,20000,OK
139,SP/RN/557,NASIRU ABDULLAHI,GTBANK,0110397095,NASIRU ABDULLAHI,42000,OK
97,SP/RN/441,AMINA MOHD HASSAN,UBA,2024020756,AMINA MOHD HASSAN,15000,OK
138,SP/RN/437, MARYAM ILIYA IBRAHIM ,GTBANK,0024950012, MARYAM ILIYA IBRAHIM ,43000,OK
87,SP/RN/427,AUWALU DAN'ASABE,FCMB,2004700149,AUWALU DAN'ASABE,10000,OK
54,SP/RN/422, MUKHTAR ABDULKADIR ,OPAY,8038281212, MUKHTAR ABDULKADIR ,10000,OK
74,SP/RN/411,HAUWA SULEIMAN BATURE,OPAY,8164606408,HAUWA SULEIMAN BATURE,10000,OK
106,SP/RN/387,IBRAHIM SANI,ZENITH,2080763503,IBRAHIM SANI,17000,OK
2,SP/RN/372,MUHAMMAD NASIR,JAIZ,0001176913,MUHAMMAD NASIR,3000,OK
191,SP/RN/366, DANBALA SULE ,FIRST,3018783095, DANBALA SULE ,40000,OK
205,SP/RN/3596,ISAH HUSSAINI BASHIR,GTBank Plc,0253967623,ISAH HUSSAINI BASHIR,6000,OK
85,SP/RN/3577, ABDULRAZAK SULEIMAN ,STERLING,0087350532, ABDULRAZAK SULEIMAN ,10000,OK
192,SP/RN/347,MODU SHERIFF SALISU,GTBANK,0106795689,MODU SHERIFF SALISU,10000,OK
159,SP/RN/345,HADIZA BELLO,ECOBANK,2582171869,HADIZA BELLO,100000,OK
84,SP/RN/3437, BASHIR SHEHU SANUSI ,UNION,0056501727, BASHIR SHEHU SANUSI ,10000,OK
125,SP/RN/3417, SADIQ MUKHTAR ,ACCESS,0720344622, SADIQ MUKHTAR ,25000,OK
83,SP/RN/3338,MOHAMMED A. MOHAMMED,FIDELITY,6040139084,MOHAMMED A. MOHAMMED,10000,OK
207,SP/RN/3284,SULAIMAN BARRATU KABIR,OPAY,8030767375,SULAIMAN BARRATU KABIR,10000,OK
69,SP/RN/324,SHEHU ZUBAIRU,STERLING,0141445763,SHEHU ZUBAIRU,10000,OK
82,SP/RN/3129,IDRIS AHMED MUSA,POLARIS,3049112951,IDRIS AHMED MUSA,10000,OK
169,SP/RN/3106,ALHERI MUSA GAMBO,FCMB,9399240014,ALHERI MUSA GAMBO,30000,OK
150,SP/RN/292,  BAPPA U. SHAMSUDDEEN  ,STERLING,0143340738,  BAPPA U. SHAMSUDDEEN  ,60000,OK
238,SP/RN/284,AKILU MUSA KANWA, Zenith Bank Plc ,2080625001,AKILU MUSA KANWA,105000,OK
80,SP/RN/2826,MUFTAHU ILIYASU,ZENITH,2280103602,MUFTAHU ILIYASU,10000,OK
122,SP/RN/2794, DANMUSA AISHAT ,ACCESS,0689091265, DANMUSA AISHAT ,21000,OK
199,SP/RN/2774,MUHAMMAD KHALIL MUHAMMAD,ACCESS,1205017767,MUHAMMAD KHALIL MUHAMMAD,20000,OK
98,SP/RN/2764,KAUNA ISHAKU,FIDELITY,6234748522,KAUNA ISHAKU,15000,OK
177,SP/RN/2760,BALA MUAZU ,GTBANK,0128744166,BALA MUAZU ,40000,OK
170,SP/RN/2749, KABIRU BASIRU ,FIRST,3042352362, KABIRU BASIRU ,40000,OK
136,SP/RN/274,AINA'U MUSTAPHA RINGIM,FIRST BANK,2021091751,AINA'U MUSTAPHA RINGIM,40000,OK
77,SP/RN/2685,ADUDU FAITH O.,ACCESS,0050995419,ADUDU FAITH O.,10000,OK
224,SP/RN/2671,ABUBAKAR SULAIMAN YAKUBU,ACCESS BANK,1232952190,ABUBAKAR SULAIMAN YAKUBU,20000,OK
225,SP/RN/2664,DAUDA AUWALU GAMBO,GTBank Plc,0020858990,DAUDA AUWALU GAMBO,4000,OK
163,SP/RN/2647,ABDULSALAM M. LAWAN,ACCESS,1538864546,ABDULSALAM M. LAWAN,200000,OK
204,SP/RN/2638,MUHAMMAD HABIBA ARI,First Bank of Nigeria,3087408853,MUHAMMAD HABIBA ARI,50000,OK
124,SP/RN/2610,MUHAMMAD YAU GALI,OPAY,7030472404,MUHAMMAD YAU GALI,25000,OK
147,SP/RN/2569,SURAJO ABDUL GIMBA,GTBANK,0262602603,SURAJO ABDUL GIMBA,50000,OK
188,SP/RN/2397,YAHAJJA GUMSU,STANBIC,0026609815,YAHAJJA GUMSU,50000,OK
109,SP/RN/2393,ABDULLAHI ALIYU,GTBANK,0264295829,ABDULLAHI ALIYU,20000,OK
36,SP/RN/2392,RASHIDA ABDULLAHI,JAIZ, 0013171225 ,RASHIDA ABDULLAHI,6000,OK
200,SP/RN/2390, ALASSAN AHMED ,STERLING,0143110487, ALASSAN AHMED ,10000,OK
148,SP/RN/2378,SALEH IBRAHIM ANBAKA,Access Bank,0719255904,SALEH IBRAHIM ANBAKA,102000,OK
108,SP/RN/2344, ASHIRU ALHAJI GARBA ,UBA,2094457939, ASHIRU ALHAJI GARBA ,20000,OK
161,SP/RN/2334,ZAHRA ZAKARIYA,ACCESS,0015327845,ZAHRA ZAKARIYA,100000,OK
46,SP/RN/2309,MUSTAPHA BUKAR,ECO BANK,4521006537,MUSTAPHA BUKAR,8000,OK
189,SP/RN/2296,ABBA MAGAJI,OPAY,7035232389,ABBA MAGAJI,10000,OK
16,SP/RN/2293,MUHAMMAD MUAWIYA SAIDU,OPAY,9033330825,MUHAMMAD MUAWIYA SAIDU,5000,OK
211,SP/RN/2292,ALHASSAN ABUBAKAR ABUBAKAR,GTBank Plc,0172229244,ALHASSAN ABUBAKAR ABUBAKAR,15000,OK
158,SP/RN/2272,MUHAMMAD GIDADO,OPAY,8035912919,MUHAMMAD GIDADO,90000,OK
226,SP/RN/2267,SHEHU MUNTAKA SANI,GTBank Plc,0130313064,SHEHU MUNTAKA SANI,9000,OK
101,SP/RN/2241,HUSSAINI  YAKUBU,Access Bank,0025435399,HUSSAINI  YAKUBU,15000,OK
21,SP/RN/2237,ENYI WILLIAM N.,FIRST,3036496513,ENYI WILLIAM N.,5000,OK
235,SP/RN/2207,NAABBA HUSAINA UMAR, Zenith Bank Plc ,1002517927 ,NAABBA HUSAINA UMAR,80000,OK
229,SP/RN/215,MOHAMMED ABDULLAHI ABBA,Zenith Bank Plc,2080469173,MOHAMMED ABDULLAHI ABBA,20000,OK
111,SP/RN/2110,MOHAMMED RABIU IJADUWA,United Bank for Africa,2068599618,MOHAMMED RABIU IJADUWA,20000,OK
181,SP/RN/2066,USMAN UMAR,OPAY,8081901728,USMAN UMAR,20000,OK
71,SP/RN/2001,SHEHU A. SADIQ,MONIE POINT,8036818395,SHEHU A. SADIQ,10000,OK
132,SP/RN/193,  YUSIF YAHAYA  ,ZENITH,2080474168,  YUSIF YAHAYA  ,30000,OK
102,SP/RN/1778, JAMILU ABDU ,FCMB,3581768027, JAMILU ABDU ,15000,OK
55,SP/RN/1750,ABDULRAHMAN MUHAMMAD BARDE,Guaranty Trust Bank,0210727091,ABDULRAHMAN MUHAMMAD BARDE,10000,OK
56,SP/RN/1742,MOHAMMED DANJUMA MUSA,FIRST,2023917734,MOHAMMED DANJUMA MUSA,10000,OK
140,SP/RN/1680,MOHAMMED SALISU GARBA,Monie Point,8060301271,MOHAMMED SALISU GARBA,63000,OK
128,SP/RN/1641,ABDULKADIR HASSAN,ZENITH,2087778566,ABDULKADIR HASSAN,30000,OK
249,SP/RN/1551,ALA OLAYIWOLA OJO,Opay,9029586134,ALA OLAYIWOLA OJO,3000,OK
146,SP/RN/1549,UKASHATU UMAR,OPAY,8069679647,UKASHATU UMAR,50000,OK
202,SP/RN/1489, ALIYU MUHAMMAD LAWAN ,ZENITH,2085736395, ALIYU MUHAMMAD LAWAN ,4000,OK
131,SP/RN/1478,MUHAMMAD INUWA JIBRIL,STANBIC,0001356402,MUHAMMAD INUWA JIBRIL,30000,OK
113,SP/RN/1467,ADO MUHAMMAD TAHIR,GTBANK,0045631433,ADO MUHAMMAD TAHIR,20000,OK
210,SP/RN/1465,DANJUMA ABUBAKAR ,GTBank Plc,0261477570,DANJUMA ABUBAKAR ,55000,OK
216,SP/RN/1458,SULEIMAN MUSBAHU ,First Bank of Nigeria,3167944998,SULEIMAN MUSBAHU ,6000,OK
39,SP/RN/1455,ABDULSALAM USMAN,ZENITH,2085435643,ABDULSALAM USMAN,6000,OK
11,SP/RN/1451, ABDULWAHAB UMAR ,KEYSTONE,1006396142, ABDULWAHAB UMAR ,4000,OK
19,SP/RN/1437,ALIYU BELLO ABUBAKAR,OPAY,8096671166,ALIYU BELLO ABUBAKAR,5000,OK
220,SP/RN/1377,SALISU ABDULLAHI ,FCMB,4010684019,SALISU ABDULLAHI ,10000,OK
68,SP/RN/1368,YAHAYA  UMAR,MONIE POINT,7034276294,YAHAYA  UMAR,10000,OK
112,SP/RN/1341, BABAGANA MALA KARAMMA ,ZENITH,2392141363, BABAGANA MALA KARAMMA ,20000,OK
48,SP/RN/1324, YUSUF SALISU SAKWAYA ,GTBANK,0045569011, YUSUF SALISU SAKWAYA ,8000,OK
212,SP/RN/1323,ISYAKU ZAYYANU ,MONIE POINT,5906844720,ISYAKU ZAYYANU ,50000,OK
162,SP/RN/1320,AISHA SADIQ,ZENITH,2085091858,AISHA SADIQ,100000,OK
79,SP/RN/1317,UMAR GARBA,JAIZ,0009232655,UMAR GARBA,10000,OK
203,SP/RN/1269,ABDULLAHI MUAZU ZANGO,Zenith Bank Plc,2084961981,ABDULLAHI MUAZU ZANGO,45000,OK
70,SP/RN/126,INUWA DAHIRU ADAMU,ZENITH,2080379067,INUWA DAHIRU ADAMU,10000,OK
182,SP/RN/1259, UBA HAMZA GAYA ,FIRST,3087673372, UBA HAMZA GAYA ,20000,OK
24,SP/RN/1258,USMAN ADAMU DANLADI,FCMB,5199559019,USMAN ADAMU DANLADI,5000,OK
99,SP/RN/1254, ABUBAKAR UMAR ,GTBANK,0044954715, ABUBAKAR UMAR ,15000,OK
75,SP/RN/1243, AHMED MURTALA ,OPAY,7064645014, AHMED MURTALA ,10000,OK
185,SP/RN/124,IKOGWE STEPHEN,OPAY,7031328940,IKOGWE STEPHEN,10000,OK
31,SP/RN/1230, ABDULSAMAD GARBA SUDAWA ,FIRST BANK,3050308032, ABDULSAMAD GARBA SUDAWA ,6000,OK
156,SP/RN/123,SHAMSU ALMUSTAPHA,KEYSTONE,2048383718,SHAMSU ALMUSTAPHA,82000,OK
223,SP/RN/1217,IBRAHIM MUHAMMAD SANI,OPAY,8038026698,IBRAHIM MUHAMMAD SANI,50000,OK
152,SP/RN/118,OWONIYI OLURANTI,OPAY,8165665872,OWONIYI OLURANTI,60000,OK
14,SP/RN/1176,MOHAMMED ABDULLAHI IBRAHIM,First Bank of Nigeria,3025402769,MOHAMMED ABDULLAHI IBRAHIM,5000,OK
214,SP/RN/1170,OKEYINKA OLUWATOYIN CHRISTIANA,First Bank of Nigeria,3034801245,OKEYINKA OLUWATOYIN CHRISTIANA,50000,OK
47,SP/RN/117, SALEH IDRIS ABUBAKAR ,JAIZ,0003587133, SALEH IDRIS ABUBAKAR ,8000,OK
233,SP/RN/1161,AHMED MOHAMMED SHARFUDDEEN, GTBank Plc ,0027268644,AHMED MOHAMMED SHARFUDDEEN,500000,OK
247,SP/RN/115,RAFAT  JIMOH,Opay,8036263815,RAFAT  JIMOH,15000,OK
141,SP/RN/1111,FATIMA ADAM,OPAY,7066040441,FATIMA ADAM,50000,OK
174,SP/RN/1094,SAADATU ABDULLAHI,GTBANK,0044671276,SAADATU ABDULLAHI,29900,OK
180,SP/RN/1060,ALIKO MUSTAPHA,FCMB,9115489011,ALIKO MUSTAPHA,10000,OK
110,SP/RN/1043,ADAMU ALI,STANBIC,0027524643,ADAMU ALI,20000,OK
41,SP/RN/1013,DALLAMI YAU SADIQ,STANBIC,0027316833,DALLAMI YAU SADIQ,6000,OK
61,SP/RN/1001,YUNUSA A. IBRAHIM,ZENITH,2083819212,YUNUSA A. IBRAHIM,10000,OK
241,SP/RN/059,ALIYU  ABDULKARIM,Acecss-Diamond Bank,0062178704,ALIYU  ABDULKARIM,60000,OK
44,SP/RN/053, SULEIMAN H. MUSTAPHA ,OPAY,8035863852, SULEIMAN H. MUSTAPHA ,8000,OK
213,SP/RN/042,GARBA ADO RINGIM,Zenith Bank Plc,2080655631,GARBA ADO RINGIM,5000,OK
123,SP/RN/017,ABDULLAHI MOHAMMED,UBA,2052318885,ABDULLAHI MOHAMMED,25000,OK
25,SP/RN/004,YAHAYA MOHAMMED,ZENITH,2007896587,YAHAYA MOHAMMED,5000,OK
130,SP/RA/985,DAHIRU MOHAMMED MUSA,Access Bank,0012518307,DAHIRU MOHAMMED MUSA,30000,OK
13,SP/RA/920, USMAN MOHD ISAH ,ZENITH,1004986097, USMAN MOHD ISAH ,5000,OK
160,SP/RA/891, ABUBAKAR MUAZU ,UNION,0019694693, ABUBAKAR MUAZU ,122000,OK
145,SP/RA/640,BASHIR SALIM FARUK,Guaranty Trust Bank,0121664625,BASHIR SALIM FARUK,100000,OK
164,SP/RA/597,KABIRU GAMBO,FIDELITY,5332042655,KABIRU GAMBO,250000,OK
190,SP/RA/528, ABDULMUMIN BABA AMIN ,GTBANK,0117511171, ABDULMUMIN BABA AMIN ,11000,OK
155,SP/RA/487,MURTALA LAWAL,STERLING,0663632589,MURTALA LAWAL,70000,OK
165,SP/RA/479,SALISU  MUSA,Fidelity Bank Nigeria,6051406047,SALISU  MUSA,335500,OK
143,SP/RA/476, DANMAIGORO OLANREWAJI ,ZENITH,2008256203, DANMAIGORO OLANREWAJI ,50000,OK
167,SP/RA/468,SADIQ ISMAIL SHINA,GTBANK,0127811854,SADIQ ISMAIL SHINA,14000,OK
186,SP/RA/401, PROF MUSA IDRIS OKPANACHI ,ZENITH,1003924221, PROF MUSA IDRIS OKPANACHI ,29000,OK
149,SP/RA/3399,EDWARD  INIMOTIMI AMAKIRI,Keystone Bank,6030219045,EDWARD  INIMOTIMI AMAKIRI,55000,OK
246,SP/RA/3073,CATHERINE  ASAJU IYABODE,Opay,8036125957,CATHERINE  ASAJU IYABODE,20000,OK
96,SP/RA/3001,SABIU MURTALA DAMBAZAU,FIRST BANK,3088439157,SABIU MURTALA DAMBAZAU,15000,OK
171,SP/RA/2687,SADIYA UMAR JOJI,FIDELITY,6012181622,SADIYA UMAR JOJI,30000,OK
94,SP/RA/2290,MUSLIM MUSA KURAWA,KEYSTONE,6049856129,MUSLIM MUSA KURAWA,15000,OK
50,SP/RA/2163, AHMAD ABDULLAHI ,FCMB,1207809011, AHMAD ABDULLAHI ,10000,OK
244,SP/RA/1738,AFEEZ OLADEJI AMOO,First Bank of Nigeria,2032498536,AFEEZ OLADEJI AMOO,35000,OK
134,SP/RA/152, HAJARA OYINOZA MOMOH ,JAIZ BANK,0004668992, HAJARA OYINOZA MOMOH ,40000,OK
107,SP/RA/1473, USMAN MUHAMMAD TUKUR ,GTBANK, 0044414509 , USMAN MUHAMMAD TUKUR ,18000,OK
166,SP/RA/1348,IBRAHIM AHMAD ATIKU,FIRST BANK,3052108047,IBRAHIM AHMAD ATIKU,350000,OK
117,SP/RA/1339,ADAM ABDULLAHI ADAM,UBA,2047767292,ADAM ABDULLAHI ADAM,20000,OK
92,SP/RA/1328,MOHAMMED GARBA DAYA,GTBANK,0158969179,MOHAMMED GARBA DAYA,14000,OK
95,SP/RA/1293,UMAR SAMINU MUHD,OPAY,8037680408,UMAR SAMINU MUHD,15000,OK
157,SP/RA/1214,IBOBOR EMMANUEL C.,GTBANK,0136515918,IBOBOR EMMANUEL C.,90000,OK
3,SP/RA/1211,HUSSAINI  AHMADU,Access Bank,0762709582,HUSSAINI  AHMADU,3000,OK
90,SP/RA/1203,GARBA HASSAN,ZENITH,2083819205,GARBA HASSAN,10000,OK
115,SP/RA/1183,HASSAN ISYAKU,ACCESS,0033773662,HASSAN ISYAKU,20000,OK
239,SP/RA/1168,MUHAMMED SHEHU NURUDEEN, GTBank Plc ,0045091468,MUHAMMED SHEHU NURUDEEN,22000,OK
153,SP/RA/1122,AHMED IBRAHIM NASIRUDDEEN,ECOBANK,3112020248,AHMED IBRAHIM NASIRUDDEEN,60000,OK
154,SP/RA/1101,IBRAHIM ISA DANGORA,FCMB,2144176019,IBRAHIM ISA DANGORA,60000,OK
127,SP/RA/1099,APEVERGA PAUL TERSOO,UBA,2232295009,APEVERGA PAUL TERSOO,30000,OK
116,SP/RA/1097,AMINU MUHD ADAM,ECO BANK,1762558672,AMINU MUHD ADAM,20000,OK
8,SP/RA/082,HUSSAINI  GINDAU,United Bank for Africa,2025014778,HUSSAINI  GINDAU,4000,OK
15,JP/R/992, AUWAL SULE FAGOJI ,ZENITH,2083819267, AUWAL SULE FAGOJI ,5000,OK
218,JP/R/964,MUHAMMED ALI ,JAIZ Bank,0008819785,MUHAMMED ALI ,20000,OK
52,JP/R/947,RAKIYA MUSA,ZENITH,2083535439,RAKIYA MUSA,10000,OK
65,JP/R/868,HAMZA SHEHU,ZENITH,2083477830,HAMZA SHEHU,10000,OK
40,JP/R/854,ADAMU ABDULRAHMAN,FCMB,2254487012,ADAMU ABDULRAHMAN,6000,OK
221,JP/R/788,AHMED ABUBAKAR ,GTBank Plc,0140865632,AHMED ABUBAKAR ,6000,OK
88,JP/R/784,AUWALU  SANI,JAIZ,0008886752,AUWALU  SANI,10000,OK
18,JP/R/782,MUHD USMAN AMAR,ZENITH,2082492014,MUHD USMAN AMAR,5000,OK
222,JP/R/778,HARUNA ZUBAIRU ,Zenith Bank Plc,2082471903,HARUNA ZUBAIRU ,15000,OK
12,JP/R/775,  SALISU YUSIF  ,FCMB,2378702015,  SALISU YUSIF  ,4000,OK
175,JP/R/734, NAZIFI SABIU ,GTBANK,0128435284, NAZIFI SABIU ,8000,OK
5,JP/R/709, IBRAHIM ADAMU ,ZENITH,2082103129, IBRAHIM ADAMU ,4000,OK
219,JP/R/575,SHUAIBU IBRAHIM ,Zenith Bank Plc,2081506077,SHUAIBU IBRAHIM ,10000,OK
42,JP/R/572, GARZALI AMADU ,FCMB,2085767019, GARZALI AMADU ,7000,OK
43,JP/R/553,FATIMA  IBRAHIM,FCMB,2212121017,FATIMA  IBRAHIM,8000,OK
208,JP/R/429,AHMAD RABIU ,FUD MICRO,0000136146,AHMAD RABIU ,5000,OK
120,JP/R/380, INUWA ALI ,ZENITH,2080730329, INUWA ALI ,20000,OK
30,JP/R/379,JAMILU M. SANI,ZENITH,2080730336,JAMILU M. SANI,6000,OK
230,JP/R/370,AHMAD HADIZA ,Zenith Bank Plc,2080672184,AHMAD HADIZA ,10000,OK
53,JP/R/341,  MUSTAPHA M. HARUNA   ,STANBIC, 0027535472 ,  MUSTAPHA M. HARUNA   ,10000,OK
58,JP/R/2878,BELLO ABDULLAHI ,GTBANK,0559824024,BELLO ABDULLAHI ,10000,OK
81,JP/R/2877, SALISU SHUAIBU ,ECOBANK, 1763069647 , SALISU SHUAIBU ,10000,OK
193,JP/R/2777, MUAZU IDRIS ,UBA,1022510454, MUAZU IDRIS ,5000,OK
118,JP/R/2759,IDRIS AHMAD ,FIRST BANK,3071813140,IDRIS AHMAD ,20000,OK
104,JP/R/2756,UMAR ALHASSAN,UBA,2056494293,UMAR ALHASSAN,15000,OK
45,JP/R/2752,MUHAMMAD MUSA,ZENITH,2216537675,MUHAMMAD MUSA,8000,OK
57,JP/R/2742,AHMED USMAN,FIRST BANK,3070332039,AHMED USMAN,10000,OK
183,JP/R/2717,SHUAIBU USMAN,STERLING,0093646889,SHUAIBU USMAN,6000,OK
91,JP/R/2713, ABBA AHMED ,ZENITH,2216537802, ABBA AHMED ,12000,OK
119,JP/R/2712,ADAMU USMAN,FCMB,6572062018,ADAMU USMAN,20000,OK
133,JP/R/2669, DINI A. SADIQ ,UBA,2030481361, DINI A. SADIQ ,30000,OK
35,JP/R/2635, MOHAMMMED ADAMU ,FIDELITY,6017449404, MOHAMMMED ADAMU ,6000,OK
6,JP/R/260,MOHAMMED ALASAN,GTBANK,0117692438,MOHAMMED ALASAN,4000,OK
38,JP/R/2528,MURTALA MUHD,FCMB,6505408012,MURTALA MUHD,6000,OK
37,JP/R/2515, AMADU SHUAIBU ,FCMB,2270313018, AMADU SHUAIBU ,6000,OK
33,JP/R/2512,SANUSI IDRIS,MONIE POINT,7036041875,SANUSI IDRIS,6000,OK
234,JP/R/2488,BASHIR ALIYU MAIFADA, Polaris  Bank ,3017215156 ,BASHIR ALIYU MAIFADA,25000,OK
129,JP/R/2452,ABDULLAHI JIBRIN,UBA,2122275861,ABDULLAHI JIBRIN,30000,OK
231,JP/R/242,ABDULLAHI KABIRU USMAN,Zenith Bank Plc,2080451778,ABDULLAHI KABIRU USMAN,6000,OK
232,JP/R/2381,ABUBAKAR USMAN , First Bank of Nigeria ,3116258945 ,ABUBAKAR USMAN ,5000,OK
178,JP/R/232, BAITA USMAN ,OPAY,8024992793, BAITA USMAN ,6000,OK
9,JP/R/225,HASSAN ABDULLAHI,ZENITH,2080451826,HASSAN ABDULLAHI,4000,OK
100,JP/R/210,  UZAIRU ISAH  ,OPAY,7064723686,  UZAIRU ISAH  ,15000,OK
76,JP/R/208, TASIU ALIYU UMAR ,OPAY,8035469002, TASIU ALIYU UMAR ,10000,OK
64,JP/R/2032,BELLO DALHATU,ZENITH,2176781790,BELLO DALHATU,10000,OK
4,JP/R/2027,ABDULRASHID MUKTAR,ZENITH,2189859992,ABDULRASHID MUKTAR,4000,OK
67,JP/R/1899,IBRAHIM SAMMANI GWARZO,ZENITH,2189758686,IBRAHIM SAMMANI GWARZO,10000,OK
228,JP/R/1867,AHMADU HASSAN ,United Bank for Africa,2092727036,AHMADU HASSAN ,15000,OK
34,JP/R/1851,MUSTAPHA SALISU,ZENITH,2190256966,MUSTAPHA SALISU,6000,OK
197,JP/R/1843,ASHIRU ALI,UNITY,0022288039,ASHIRU ALI,20000,OK
49,JP/R/1837,YUSUF ABUBAKAR,ZENITH,2189378042,YUSUF ABUBAKAR,10000,OK
51,JP/R/1770,HAMISU GAMBO AHMAD,STERLING,0050138325,HAMISU GAMBO AHMAD,10000,OK
93,JP/R/1719,FADIMA AHMADU,ACCESS,0018597975,FADIMA AHMADU,14000,OK
20,JP/R/1717, YUSUFU ABUBAKAR UMAR ,ACCESS,0029605573, YUSUFU ABUBAKAR UMAR ,5000,OK
7,JP/R/1690,GAMBO IDRIS,OPAY,8166584100,GAMBO IDRIS,4000,OK
26,JP/R/1601, MUBARAK YAHAYA ,ZENITH,2087486278, MUBARAK YAHAYA ,5000,OK
196,JP/R/1583,MAHMUD ABDULKADIR,ZENITH,2087473782,MAHMUD ABDULKADIR,4000,OK
29,JP/R/1576, ALI MUHAMMAD ,ZENITH,2087434746, ALI MUHAMMAD ,6000,OK
198,JP/R/1515,SALE MUAZU MADOBI,ZENITH,2086799883,SALE MUAZU MADOBI,6000,OK
66,JP/R/1498,ABDULMUMINI A. ISAH,ZENITH,2086232894,ABDULMUMINI A. ISAH,10000,OK
206,JP/R/1436,AHAMAD JAMILU ABDU,FCMB,2863375016,AHAMAD JAMILU ABDU,15000,OK
10,JP/R/1427,AHMAD ADAMU SULEIMAN,STANBIC,0027240592,AHMAD ADAMU SULEIMAN,4000,OK
62,JP/R/1419,KAMALUDDEEN YUSUF,OPAY,7085552907,KAMALUDDEEN YUSUF,10000,OK
23,JP/R/1413,DAYYABU ALI,GTBANK,0161426252,DAYYABU ALI,5000,OK
59,JP/R/1398,NASIRU ISYAKU,OPAY,8065552389,NASIRU ISYAKU,10000,OK
63,JP/R/1372,ABDULLAHI ISAH,UBA,2213067384,ABDULLAHI ISAH,10000,OK
135,JP/R/1369,MARTA DAUDU,POLARIS,1120748772,MARTA DAUDU,40000,OK
1,JP/R/1251,MOHAMMED  ADAMU,FIRST BANK,2025513941,MOHAMMED  ADAMU,3000,OK
86,JP/R/1056,ISMAILA ADAMU,ZENITH,2084019428,ISMAILA ADAMU,10000,OK
28,JP/R/1050,SHEHU MUHAMMAD,FCMB,3942267019,SHEHU MUHAMMAD,6000,OK
32,JP/R/1039, TANIMU ABDULMUDALABI ,ZENITH,2084035929, TANIMU ABDULMUDALABI ,6000,OK
187,JP/R/1034,IKLIMA HASHIM,ZENITH,2083861338,IKLIMA HASHIM,25000,OK
201,JP/R/076,YUSUF YUNUSA,ZENITH,2080672160,YUSUF YUNUSA,5000,OK
144,JP/R/063,HASSANA USMAN,ZENITH,2080895264,HASSANA USMAN,50000,OK
