Withdrawal ID,Staff Number,Full Name,Bank,Account Number,Account Name,Approved Withdrawal Amount
,JP/R/1058,ABDULMUTALIB MAHMUD,JAIZ,0008688475,ABDULMUTALIB MAHMUD,6000
,JP/R/782,MUHD USMAN AMAR,ZENITH,2082492014,MUHD USMAN AMAR,5000
,SP/RN/665, BADARIYYA AHMED WADA ,ZENITH,2081853719, BADARIYYA AHMED WADA ,10000
,JP/R/2400,HABIBU SHEHU,MONIE POINT,7061352507,HABIBU SHEHU,8000
,SP/RN/970,FATIMA HAYATU,FIRST BANK,3200900688,FATIMA HAYATU,20000
,JP/R/2025,ABDULLAHI BALA,STERLING,0064371583,ABDULLAHI BALA,16000
,JP/R/2648,LAWAN ADO,FIRST BANK,3204811711,LAWAN ADO,8000
,JP/R/1839,ISAH KHALIL,ACCESS,0082500468,ISAH KHALIL,8000
,SP/RN/1368,YAHAYA UMAR,MONIE POINT,7034276294,YAHAYA UMAR,10000
,JP/R/667,USMAN AHMAD SADA,ACCESS,0060088059,USMAN AHMAD SADA,8000
,JP/R/1238,ABDULLAHI AHMED,OPAY,8062409742,ABDULLAHI AHMED,8000
,SP/RN/1385,HARUSU LURWANU,ZENITH,2085359460,HARUSU LURWANU,4000
,JP/R/1849, ABUBAKAR BELLO ,ZENITH,2189378224, ABUBAKAR BELLO ,45000
,JP/R/223,AUWALU ABDULLAHI,FCMB,2195481012,AUWALU ABDULLAHI,5000
,SP/RN/427,AUWALU DAN'ASABE,FCMB,2004700149,AUWALU DAN'ASABE,10000
,SP/RN/973,YAKUBU ABDULKADIR BABURA,ZENITH,2083681147,YAKUBU ABDULKADIR BABURA,4000
,SP/RN/309,ISA LAWAN EMMAH,ZENITH,2080625685,ISA LAWAN EMMAH,15000
,SP/RN/907,MURTALA IBRAHIM,ZENITH,2083538337,MURTALA IBRAHIM,10000
,SP/RN/1720,MOHAMMED KABIRU HAMIDU,UBA,2054502006,MOHAMMED KABIRU HAMIDU,35000
,SP/RA/2275,ABBA IBRAHIM BUKAR,GTBANK,0218828729,ABBA IBRAHIM BUKAR,50000
,SP/RN/364,JAMILU UMAR,ZENITH,2080672988,JAMILU UMAR,10000
,JP/R/919,ALIYU AHMAD ALIYU,STANBIC,0027240482,ALIYU AHMAD ALIYU,10000
,JP/R/353,MUHAMMAD SALISU,GTBANK,0117699901,MUHAMMAD SALISU,10000
,SP/RN/124,IKOGWE STEPHEN,OPAY,7031328940,IKOGWE STEPHEN,10000
,SP/RN/060,KABIR ISMAIL,FIRST,3031432934,KABIR ISMAIL,40000
,SP/RN/1700, MUHD Z. AHMAD ,ECOBANK,3651045449, MUHD Z. AHMAD ,40000
,SP/RN/122,ALI IBRAHIM,KEYSTONE,1001859080,ALI IBRAHIM,10000
,SP/RN/712, NURA TALA ,ZENITH,2082055486, NURA TALA ,10000
,SP/RN/1840,KABIRU SALISU,ZENITH,2190256942,KABIRU SALISU,8000
,SP/RN/1680,MOHAMMED SALISU GARBA,MONIE POINT,8060301271,MOHAMMED SALISU GARBA,30000
,SP/RN/1224,UMAR HALIRU ,UBA,1014520544,UMAR HALIRU ,20000
,SP/RN/1222,SAIDU MUSA SAIDU,GTBANK,0670428653,SAIDU MUSA SAIDU,10000
,SP/RN/1223,YAKUBU MUSA YANKARI,ACCESS,0781533685,YAKUBU MUSA YANKARI,10000
,JP/R/2522,ISHAK IBRAHIM,OPAY,8022675929,ISHAK IBRAHIM,4000
,SP/RN/327, AUWALU SABO ,MONIE POINT,5093929389, AUWALU SABO ,4000
,JP/R/792,SADA  ADAMU,OPAY,7032623378,SADA  ADAMU,10000
,SP/RN/960,BUHARI TIJJANI,MONIE POINT,8065581996,BUHARI TIJJANI,21000
,SP/RN/819,  HARUNA MUHD SADIQ  ,GTBANK, 0725869691 ,  HARUNA MUHD SADIQ  ,15000
,SP/RN/1137,BELLO IBRAHIM,FIRST BANK,3084114962,BELLO IBRAHIM,20000
,SP/RN/615,USMAN UMAR,STANBIC,0001105954,USMAN UMAR,5000
,SP/RN/1112, ALIYU HAYATU ,ACCESS,0053053159, ALIYU HAYATU ,6000
,SP/RN/1135,SHUAIBU IBRAHIM DUTSE,OPAY,8033824106,SHUAIBU IBRAHIM DUTSE,25500
,SP/RN/1467,ADO MUHAMMAD TAHIR,GTBANK,0045631433,ADO MUHAMMAD TAHIR,20000
,SP/RN/1749,ADAM MUHAMMAD JAO,GTBANK,0045620910,ADAM MUHAMMAD JAO,60000
,SP/RA/443,NAWIYYU MUSA,GTBANK,0108043195,NAWIYYU MUSA,50000
,SP/RN/880, ABBATI BARDE ,OPAY,7067675000, ABBATI BARDE ,5000
,SP/RN/2610,MUHAMMAD YAU GALI,OPAY,7030472404,MUHAMMAD YAU GALI,40000
,SP/RN/1832,MAHMOUD TIJJANI MAIKUDI,MONIE POINT,806556294,MAHMOUD TIJJANI MAIKUDI,20000
,SPRT2198, RABIU ZAKARI ,GTBANK,0020325986, RABIU ZAKARI ,10000
,SP/RN/285, LAWAN ZUBAIRU ,GTBANK,0118706811, LAWAN ZUBAIRU ,150000
,SP/RN/1484, DR USMAN S. IBRAHIM ,GTBANK,0020420001, DR USMAN S. IBRAHIM ,100000
,SP/RN/1772, BENEDICT JOHN OLUYEMI ,GTBANK,0116860456, BENEDICT JOHN OLUYEMI ,50000
,SP/RA/2398, AHMAD ABDULLAHI IBRAHIM ,GTBANK,0020621042, AHMAD ABDULLAHI IBRAHIM ,30000
,SP/RN/372,MOHAMMAD NASIR,STANBIC,0027364432,MOHAMMAD NASIR,3000
,SP/RN/959,ADAMU MUSA GARBA,OPAY,8034583310,ADAMU MUSA GARBA,100000
,SP/RA/2107, SADIYA ABDULKADIR TURA ,ACCESS,0052912540, SADIYA ABDULKADIR TURA ,300000
,SP/RN/328,JAMILU ALIYU,ZENITH,2080667292,JAMILU ALIYU,20000
,SP/RN/294,SAIDU MUSA FARAGAI,ZENITH,2008007010,SAIDU MUSA FARAGAI,220000
,SP/RN/1296, MUHAMMAD USMAN ,FUDMFB,1100007848, MUHAMMAD USMAN ,60000
,SP/RN/2736,ALIYU YUSUF,ZENITH,2255887522,ALIYU YUSUF,5000
,JP/R/2742,AHMED USMAN,FIRST BANK,3070332059,AHMED USMAN,20000
,JP/R/2767,IBRAHIM UMAR,FIDELITY,6557750462,IBRAHIM UMAR,10000
,SP/RN/2749,KABIRU BASIRU,MONIE POINT,3042352362,KABIRU BASIRU,20000
,JP/R/2753,ABDULSALAM MOHAMMED ,GTBANK,0858298575,ABDULSALAM MOHAMMED ,6000
,JP/R/2671,SULAIMAN YAKUBU ABUBAKAR,ACCESS,1232952190,SULAIMAN YAKUBU ABUBAKAR,10000
,JP/R/2715,HASHIM HASSAN,UBA,2140802405,HASHIM HASSAN,4000
,SP/RA/594,BADAMASI MUHAMMAD,ACCESS,0052879737,BADAMASI MUHAMMAD,62000
,SP/RA/481,ABDULLAHI ALI IBRAHIM,STERLING,0005867193,ABDULLAHI ALI IBRAHIM,150000
,SP/RA/946, MOHAMMED SERI ,STANBIC, 0049842334 , MOHAMMED SERI ,15000
,SP/RA/1183,HASSAN ISYAKU,JAIZ BANK,0003678727,HASSAN ISYAKU,20000
,SP/RA/797, JAMILU IBRAHIM MUKHTAR ,FIRST,3061658346, JAMILU IBRAHIM MUKHTAR ,300000
,SP/RA/156,IBRAHIM M. ADAM,FIRST BANK,2004012120,IBRAHIM M. ADAM,50000
,SP/RA/2169,BASIRU S. SAJO,FIRST BANK,2019500669,BASIRU S. SAJO,12000
,SP/RA/1339,ADAM ABDULLAHI ADAM,UBA,2047767292,ADAM ABDULLAHI ADAM,40000
,SP/RA/1145,MICHEAL NKEREWEM,OPAY,8032368482,MICHEAL NKEREWEM,120000
,SP/RA/609,DR MUHAMMAD SANI,FIRST BANK,3027979089,DR MUHAMMAD SANI,15000
,SP/RA/643, AMADU IBRAHIM ,FIRST BANK,2043177224, AMADU IBRAHIM ,10000
,SP/RA/2724,ZAINAB ALI ADAM,UNION,0039618242,ZAINAB ALI ADAM,60000
,SP/RA/158, ISYAKU MOHAMMED SANI ,FIRST BANK,2003255908, ISYAKU MOHAMMED SANI ,90000
,SP/RA/2938,ADAMU UZAIFA KARFI, GTBank Plc ,0127934735,ADAMU UZAIFA KARFI,150000
,SP/RN/3061, AMINU HUSSENI IBRAHIM ,FCMB,5065275014, AMINU HUSSENI IBRAHIM ,10000
,SP/RN/3438,HARUNA M. TAHIR,STERLING,0008885905,HARUNA M. TAHIR,20000
,SP/RA/3460, IBRAHIM USMAN MUHAMMAD ,GTBANK,0044711071, IBRAHIM USMAN MUHAMMAD ,208000
,SP/RN/3437, BASHIR SHEHU SANUSI ,UNION,0056501727, BASHIR SHEHU SANUSI ,10000
,SP/RN/3417,SADIQ MUKHTAR,ACCESS,0720344622,SADIQ MUKHTAR,40000
