SN,"Staff Number","IPPIS Number","Monthly Savings","Consolidated Savings Amount",Month,Year,Reason
9,SP/RN/1425,0,0,15000,8,2026,"Invalid data"
34,SP/RN/3486,0,5000,12000,8,2026,"Invalid data"
35,SP/RN/3569,0,30000,122000,8,2026,"Invalid data"
53,JPR2027,0,4000,6000,8,2026,"Invalid data"
54,SP/RN/N2000,0,5000,7000,8,2026,"Invalid data"
55,SP/RA/2922,0,2000,100000,8,2026,"Invalid data"
56,SP/RA/2662,0,2000,6000,8,2026,"Invalid data"
57,SP/RA/2674,0,2000,14000,8,2026,"Invalid data"
59,SP/RA/3585,0,2000,4000,8,2026,"Invalid data"
60,SP/RN/2805,0,2000,14000,8,2026,"Invalid data"
61,SP/RA/3028,0,3000,32000,8,2026,"Invalid data"
62,SP/RA/3596,0,3000,5000,8,2026,"Invalid data"
66,SP/RA/3029,0,5000,42500,8,2026,"Invalid data"
67,SP/RA/3118,0,5000,60000,8,2026,"Invalid data"
68,SP/RA/3566,0,5000,8000,8,2026,"Invalid data"
69,SP/RA/860,0,5000,17000,8,2026,"Invalid data"
73,SP/RA/3577,0,10000,12000,8,2026,"Invalid data"
77,SP/RN/3849,0,10000,20000,8,2026,"Invalid data"
78,SP/RA/3570,0,20000,22000,8,2026,"Invalid data"
80,SP/RN/2774,0,20000,2000,8,2026,"Invalid data"
82,SP/RA/3689,0,25000,50000,8,2026,"Invalid data"
83,SP/RC/164,0,30000,555413.87,8,2026,"Invalid data"
85,SP/RT/2825,0,30000,230000,8,2026,"Invalid data"
91,SP/RN/3697,0,50000,100000,8,2026,"Invalid data"
92,SP/RA/3259,0,100000,1900000,8,2026,"Invalid data"
