STAFF NO,TITLE,FIRST NAME,LAST NAME ,OTHERNAME,GENDER,CADRE,NATURE OF APPT.,DATE OF 1ST APPOINTMENT,DATE OF PRESENT APPOINTMENT,PRESENT RANK,SALARY STRUCTURE,GRADE LEVEL,STEP,QUALIFICATION,DOB,E-MAIL,PHONE NUMBER
SP/R/3133,,NASIRU,SANI,,M,WORKS SUPERITENDENT,PERMANENT,03/01/2021,04/12/2021,WORKS SUPERITENDENT,CONTISS,6,1,N C E,,,8032880244
SP/R/3155,,ALI,USMAN,,M,DENTAL TECHNICIAN,PERMANENT,28/06/2021,28/06/2021,SENIOR DENTAL TECHNICIAN I,CONTISS,6,2,DIPLOMA IN DENTAL HEALTH TECHNICIAN,,aliusmankwl020@gmail.com ,8144418623
SP/R/3156,DR.,SHEHU,NURADEEN,,M,MEDICAL LABORATORY SCIENTIST,PERMANENT,21/06/2021,21/06/2021,MEDICAL LABORATORY SCIENTIST,CONTISS,8,4,B. MEDICAL LAB SCIENCE,,NURADDEENSHEHUBARDE@GMAIL.COM,
SP/R/3199,,COLONEL,SADIQ,ABUBAKAR,M,SECURITY OFFICER,CONTRACT,08/02/2021,08/02/2021,CHIEF SECURITY OFFICER,CONTISS,13,9,B.A ISLAMIC STUDIES,,,
SP/R/3200,,MUKHTAR,ABUBAKAR,SHEHU,M,SECURITY OFFICER,CONTRACT,08/02/2021,08/02/2021,DEPUTY CHIEF SECURITY OFFICER,CONTISS,12,9,B. A HAUSA/ISLAMIC,,,
SP/R/3203,,MUHAMMAD,RINGIM,SULE,M,ACCOUNTANT,PERMANENT,09/06/2021,09/06/2021,DEPUTY BURSAR,CONTISS,14,9,HND ACCOUNTING,,,
SP/R/3220,,JAZULI,MAGAJI,,M,TECHNOLOGIST,PERMANENT,24/11/2020,24/11/2021,SENIOR ASSISTANT LABORATORY TECHNOLOGIST,CONTISS,6,2,COMMUNITY HEALTH,,jmagaji44@gmail.com,8168376767
SP/R/3221,,ALI,AMINU,,M,TECHNOLOGIST,PERMANENT,25/11/2020,25/11/2021,MEDICAL LABORATORY TECHNICIAN,CONTISS,6,2,MEDICAL LABORATORY TECHNICIAN,,05/07/1993,8034219153
SP/R/3237,,ABDULLAHI,BADERI,A.,M,MEDICAL LABORATORY,PERMANENT,30/11/2021,30/11/2021,MEDICAL LABORATORY TECHNICIAN,CONTISS,6,2,N.D IN MEDICAL LABORATORY TECHNICIAN,,TWOCOLOUR98@GMAIL.COM,8067919181
SP/R/3238,,ISMAIL,BAFFA,ABDULLAHI,M,PHARMACY TECHNOLOGIST,PERMANENT,12/06/2021,12/06/2021,PHARMACY TECHNOLOGIST,CONTISS,6,2,N.D IN  PHARMACEUTICALTECHNOLOGY,,IABAFFAH@GMAIL.COM,8065623459
SP/R/3239,,ABUBAKAR,ASHIRU,,M,TECHNOLOGIST,PERMANENT,12/06/2021,12/06/2021,MEDICAL LABORATORY TECHNICIAN,CONTISS,6,2,MEDICAL LABORATORY TECHNICIAN,,abubakarlimawa0649@gmail.com,8066640649
SP/R/3240,,MUBARAK,BAFFA,,M,TECHNOLOGIST,PERMANENT,12/06/2021,12/06/2021,MEDICAL LABORATORY SCIENTIST,CONTISS,8,2,B.Sc MEDICAL LABORATORY SCIENCES,,baffamubarak@gmail.com,8061585213
SP/R/3245,,MUHAMMAD,SADIQ,ABUBAKAR,M,TECHNOLOGIST,PERMANENT,01/04/2021,01/04/2021,MEDICAL LABORATORY SCIENTIST,CONTISS,8,2,B.Sc MEDICAL LABORATORY SCIENCE,,sadeeqabubakar64@gmail.com,8038553904
SP/R/3250,,SANI,NUHU,,M,MEDICAL LABORATORY TECHNICIAN,PERMANENT,02/07/2022,02/07/2022,MEDICAL LABORATORY TECHNICIAN,CONTISS,6,2,DIPLOMA IN MEDICAL LABORATORY TECHNICIAN,,SONOFNUHU@GAMIL.COM,8063551120
SP/R/3252,,YUSUF,ABUBAKAR,ADO,M,ELECTRICAL,PERMANENT,10/03/2023,10/03/2023,ENGINEER II (ELECTRICAL),CONTISS,7,2,B.ENG ELECTRICAL ENGINEERING,,yusufpotential@gmail.com,8032277169
SP/R/3253,,SALISU ,ADAMU,HASSAN,M,EXECUTIVE,PERMANENT,10/03/2023,10/03/2023,EXECUTIVE OFFICER (ADMIN.),CONTISS,6,1,NCE BIOLOGY AND PHYSICAL HEALTH EDUCATION,,hassansalisu408@gmail.com,9062726468
SP/R/3254,,KHADIJA ,ABDULKADIR,ABUBAKAR,F,TECHNOLOGIST,PERMANENT ,10/03/2023,10/03/2023,SENIOR ASSISTANT SCIENCE LABORATORY TECHNOLOGIST,CONTISS,6,2,ND SCIENCE LABORATORY TECHNOLOGIST,,KHADIJANTY@GMAIL.COM,8068609682
SP/R/3255,,AMINU,ABUBAKAR,BELLO,M,FARM OFFICERS,PERMANENT,10/03/2023,10/03/2023,FARM OFFICER,CONTISS,7,2,B. AGRIC. (CROP SCIENCE),,aminuabubakar87qgmail.com,8164680493
SP/R/3274,,AISHATU,FARUK,,F,TECHNOLOGIST,PERMANENT,25/08/2023,25/08/2023, TECHNOLOGIST I,CONTISS,8,4,H.N.D SCIENCE LABORATORY TECHNOLOGY (BIOLOGY/MICROBIOLOGY),,aishatufaruk14@gmail.Com,8037013558
SP/R/3284,,BARRATU,SULAIMAN,KABIR,F,STAFF SCHOOL ,PERMANENT ,10/03/2023,10/03/2023,MASTER II,CONTISS,7,2,B.A EDUCATION/ISLAMIC STUDIES,,BARRATOKABIRSULAIMAN@GMAIL.COM,8030767375
SP/R/3286,,IBRAHIM,UMAR,UMAR,M,SCIENTIFIC,PERMANENT,10/03/2023,10/03/2023,SCIENTIFIC OFFICER II,CONTISS,7,2,B.SC. ELECTRONICS,,UMARUMARIBRAHIMM66@GMAIL.COM,7012119466
SP/R/3288,,MELVIN,ILLAH,OGUCHE,M,CAMPUS PLANNER,PERMANENT ,10/03/2023,10/03/2023,CAMPUS PLANNER II,CONTISS,7,2,B. TECH. URBAN AND REGIONAL PLANNING,,ILLAHMELVIN@GMAIL.CO,8148175349
SP/R/3290,,JAMILU,SALISU,DISO,M,SCIENTIFIC OFFICER,PERMANENT ,10/03/2023,10/03/2023,SCIENTIFIC OFFICER II,CONTISS,7,2,B.SC PHYSICS,,JAMILUDISO@GMAIL.COM,8165923023
SP/R/3293,,YUSUF,ILIYASU,KABIRU,M,ADMINISTRATIVE,PERMANENT,10/03/2023,10/03/2023,ADMINISTRATIVE ASSISTANT,CONTISS,7,2,B.SC. ISLAMIC STUDIES,,KABIRUILIYASU09@GMAIL.COM,8103361349
SP/R/3295,,SANI,ADAMU,AMINU,M,SYSTEM ANALYST,PERMANENT,10/03/2023,10/03/2023,SYSTEM ANALYST II,CONTISS,7,2,B.SC. MANAGEMENT,,SANIAKURAWA@GMAIL.COM,906838364
SP/R/3299,,SANI,ABUBAKAR,MIJINYAWA,M,SCIENTIFIC OFFICER,PERMANENT ,10/03/2023,10/03/2023,SCIENTIFIC OFFICER II,CONTISS,7,2,B.SC GEOGRAPHY,,SMIJINYAWA10@GMAIL.COM,8039431626
SP/R/3300,,ZAHRA'U,MUHAMMAD,AUWAL,F,FARM OFFICER,PERMANENT,10/03/2023,10/03/2023,FARM OFFICER,CONTISS,7,2,B.SC. AGRICULTURAL SCIENCE,,FATIMATUZAHRAU@GMAIL.COM,8038816764
SP/R/3302,,AMINU,KABIRU,,M,EXECUTIVE,PERMANENT ,10/03/2023,10/03/2023,HIGHER EXECUTIVE OFFICER (ACCOUNT & AUDIT),CONTISS,7,2,HND ACCOUNTANCY,,KABIRUAMINU74@GMAIL.COM,8037039094
SP/R/3303,,MUKHTAR,MUSTAPHA,MAGAJI,M,ACCOUNTANT,PERMANENT ,10/03/2023,10/03/2023,ACCOUNTANT II,CONTISS,7,2,B.SC ACCOUNTING,,KHALEELAMUKHTAR2@YAHOO.COM,8064919158
SP/R/3304,,YAHYA,SHESHE,ISA,M,SYSTEM ANALYST,PERMANENT ,10/03/2023,10/03/2023,SYSTEM ANALYST II,CONTISS,7,2,B.SC COM[UTER SCIENCE,,YAHYASHESHE@GMAIL.COM,8084167828
SP/R/3309,,SALAMATU ,ABDULWAHAB,,F,HEALTH RECORDS TECHNICIAN,PERMANENT ,10/03/2023,10/03/2023,HEALTH RECORDS TECHNICIAN,CONTISS,6,2,ND HEALTH INFORMATION TECHNICIAN,,SALMAHABDUL89@GMAIL.COM,8131338732
SP/R/3310,,HADIZA,MUHAMMAD,ABDULLAHI,F,SCIENTIFIC OFFICER,PERMANENT ,10/03/2023,10/03/2023,SCIENTIFIC OFFICER II,CONTISS,7,2,B.SC MICROBIOLOGY,,HADIZA0048@GMAIL.COM,8092222744
SP/R/3312,,HASINA,IMAM,HADI,F,LEGAL,PERMANENT ,10/03/2023,10/03/2023,LEGAL OFFICER,CONTISS,8,2,BACHELOR OF LAW,,HADIHASINAIMAM@GMAIL.COM,8038319617
SP/R/3313,,HALIMA,ABDULLAHI,,F,EXECUTIVE,PERMANENT,10/03/2023,10/03/2023,EXECUTIVE OFFICER ,CONTISS,6,2,N.D PUBLIC ADMINISTRATION,,HALIMAABDULLAHI548@GMAIL.COM,7018444680
SP/R/3314,,AMIR,ABDULKADIR,BAFFA,M,ACCOUNTANT,PERMANENT,10/03/2023,10/03/2023,ACCOUNTANT II,CONTISS,7,2,B.SC ACCOUNTING,,AMEERBAFFA@GMAIL.COM,8063373395
SP/R/3317,,AL-MUSTAPHA,ILIYASU,MUSA,M,INFORMATION,PERMANENT ,10/03/2023,10/03/2023,INFORMATION OFFICER II,CONTISS,7,2,B.A ENGLISH,,AMIDIDO@GMAIL.COM,8029171608
SP/R/3319,,SAGIR,LAWAN,,M,MEDICAL LABORATORY SCIENTIST,PERMANENT ,10/03/2023,10/03/2023,MEDICAL LABORATORY SCIENTIST,CONTISS,8,2,B. MEDICAL LABORATORY SCIENCE,,SAGIR3235@GMAIL.COM,7038309915
SP/R/3321,,AKIBU,MAGAJI,BELLO,M,ACADEMIC PLANNING,PERMANENT ,10/03/2023,10/03/2023,ASSISTANT ACADEMIC PLANNING OFFICER,CONTISS,7,2,B. SC. MATHEMATICS,,AKIBUBELLO7@GMAIL.COM,7068918725
SP/R/3324,,TUKUR ,MAIULU,ANAS,M,ACCOUNTANT,PERMANENT,10/03/2023,10/03/2023,ACCOUNTANT II,CONTISS,7,2,B.SC.ACCOUNTING,,TUKURMAIULU2016@GMAIL.COM,O7O67729593
SP/R/3325,,BASHIR,KASIM,,M,ACADEMIC PLANNER,PERMANENT,11/03/2023,11/03/2023,ASSISTANT ACADEMIC PLANNING OFFICER,CONTISS,7,2,B.SC. MATHEMATICS,,BASHIRKASSIMBASH@GMAIL.COM,8035946586
SP/R/3328,,HABU,SALEH,,M,AGRICULTURAL SUPERINTENDENT,PERMANENT ,10/03/2023,10/03/2023,AGRICULTURAL SUPERINTEDENT (LIVESTOCK),CONTISS,6,2,ND LIVESTOCK MANAGEMENT AND PRODUCTION,,HABUSALEH2023@GMAIL.COM,8165247985
SP/R/3329,,NURA,AUWALU,,M,EXECUTIVE,PERMANENT,10/03/2023,10/03/2023,EXECUTIVE OFFICER (ADMIN),CONTISS,6,2,N.D PUBLIC ADMINISTRATION,,ANNUR44@GMAIL.COM,8145014926
SP/R/3330,,SALIHI,ABUBAKAR,,M,EXECUTIVE,PERMANENT ,10/03/2023,10/03/2023,EXECUTIVE OFFICER (ADMIN),CONTISS,6,2,ND SOCIOL DEVELOPMENT,,SALIHIABUBAKARMAISHAYI@GMAIL.COM,9067710181
SP/R/3331,,OHADUGHA,ADAOBI,HOPE,F,MEDICAL LABORATORY ,PERMANENT,10/03/2023,10/03/2023,MEDICAL LABORATORY SCIENTIST,CONTISS,8,2,B.SC. MEDICAL LABORATORY SCIENCE,,ALPHOPE2002@GMAIL.COM,8032502205
SP/R/3332,,UMAR,YAKUBU,ADAMU,M,ADMINISTRATIVE ,PERMANENT,10/03/2023,10/03/2023,ADMINISTRATIVE OFFICER,CONTISS,8,2,MPPA,,UMARADAMUYAKUBU09@GMAIL.COM,8020894447
SP/R/33SP/R/33,,LUBABATU,BASIRU,SANUSI,F,SCIENTIFIC OFFICER,PERMANENT ,10/03/2023,10/03/2023,SCIENTIFIC OFFICER II,CONTISS,7,2,B.SC BIOTECHNOLOGY,,LUBABATUBASIRU@GMAIL.COM,8030989054
SP/R/3334,,ABDULLAHI,BABA,MUHAMMAD,M,ACCOUNTANT,PERMANENT ,10/03/2023,10/03/2023,ACCOUNTANT I,CONTISS,8,2,MASTER TREASURY MANAGEMENT,,MBHADEIA2003@GMAIL.COM,8065725571
SP/R/3338,,MOHAMMED,MOHAMMED,ALI,M,SCIENTIFIC OFFICER,PERMANENT ,10/03/2023,10/03/2023,SCIENTIFIC OFFICER II,CONTISS,7,2,B. SC. GEOGRAPHY,,MAMSHEIKH262@GMAIL.COM,8137040210
SP/R/3341,,USMAN,TURAKI,MUSTAPHA,M,TECHNICAL OFFICER,PERMANENT,10/03/2023,10/03/2023,HIGHER TECHNICAL OFFICER (ARCHITECTURE),CONTISS,7,2,H.N.D ARCHITECTURAL TECHNOLOGY,,USMANTURAKI24@GMAIL.COM,7035883979
SP/R/3342,,SULAIMAN,SULAIMAN,KABIR,M,ENGINEER (CIVIL),PERMANENT,10/03/2023,10/03/2023,ENGINEER II,CONTISS,7,2,B. ENGINEERING,,SULAIMANKABEER66@GMAIL.COM,8032849942
SP/R/3344,,ABDULWAHAB,UMAR,BASHIR,M,ENGINEER,PERMANENT ,10/03/2023,10/03/2023,ENGINEER II (CIVIL),CONTISS,7,2,B.ENGINEERING (CIVIL),,BASHIRUMAR92@GMAIL.COM,8036220056
SP/R/3345,,MARWAN,ABDULLAHI,,M,ENVIRONMENTAL,PERMANENT,10/03/2023,10/03/2023,ENVIRONMENTAL HEALTH SUPERINTENDENT,CONTISS,6,2,DIPLOMA IN ENVIRONMENTAL HEALTH,,MARWAN123@GMAIL.COM,8165360242
SP/R/3346,,SHERIFF,MAINA,,M,LIBRARY,PERMANENT ,10/03/2023,10/03/2023,ASSISTANT LIBRARIAN,CONTISS,7,2,BLIS. LIBRARY AND INFORMATION SCIENCE,,SHAREEFVMAINA@GMAIL.COM,8039381451
SP/R/3347,,ADAM ,ADAM,ABDULKADIR,M,ADMINISTRATIVE,PERMANENT,10/03/2023,10/03/2023,ADMINISTRATIVE ASSISTANT,CONTISS,7,2,B.A ARABIC,,MUALLIM.AA20@GMAIL.COM,8060821960
SP/R/3348,,HAFSAT,UMAR,,F,SCIENTIFIC,PERMANENT,10/03/2023,10/03/2023,SCIENTIFIC OFFICER II,CONTISS,7,2,B.SC. BIOCHEMISTRY,,HAFSATUMARADAM@GMAIL.COM,8035904945
SP/R/3349,,SURAJO,AHMAD,,M,EXECUTIVE,PERMANENT,10/03/2023,10/03/2023,EXECUTIVE OFFICER (ADMIN.),CONTISS,6,2,NCE FINE AND APPLIED ARTS,,,
SP/R/3351,,ALIYU,MAGAJI,YAHAYA,M,PUBLIC HEALTH SUPERINTENDENT,PERMANENT ,10/03/2023,10/03/2023,HIGHER HEALTH SUPERINTENDENT,CONTISS,7,2,B.SC COMMUNITY HEALTH AND DEVELOPMENT,,ALIYUYAHAYA5@GMAIL.COM,8036639990
SP/R/3353,,ABDULSAMAD,SALISU,MUHAMMAD,M,INVESTMENT ,PERMANENT ,10/03/2023,10/03/2023,ASSISTANT INVESTMENT OFFICER,CONTISS,7,2,B.SC (BUSINESS ADMINISTRATION) MANAGEMENT,,ABDULYOUNGALHAJI@GMAIL.COM,7036602696
SP/R/3354,,BASHIR,SULAIMAN,MUHAMMAD,M,FARM OFFICER,PERMANENT,10/03/2023,10/03/2023,FARM OFFICER II,CONTISS,7,2,B. AGRICULTURE,,BASHMUH16@GMAIL.COM,8107168413
SP/R/3356,,SALISU,AHMED,UMAR,M,ACCOUNTANT,PERMANENT,10/03/2023,10/03/2023,ACCOUNTANT II,CONTISS,7,2,B.SC.ACCOUNTING,,EXPERIENCEPROPERTIES@GMAIL.COM,8027027087
SP/R/3358,,BASHIR,TURAWA,SHEHU,M,SCIENTIFIC,PERMANENT,10/03/2023,10/03/2023,SCIENTIFIC OFFICER II,CONTISS,7,2,B. AGRICULTURE,,BTURAWA09@GMAIL.COM,7033293359
SP/R/3359,,RUQAYYA,SHEHU,SALISU,F,SCIENTIFIC OFFICER,PERMANENT,10/03/2023,10/03/2023,SCIENTIFIC OFFICER II,CONTISS,7,2,B.SC. BIOCHEMISTRY,,SALISURUQAYYAH14@GMAIL.COM,8039577000
SP/R/3362,,ZAINAB,ALIYU,TIJJANI,F,SCIENTIFIC OFFICER,PERMANENT,10/03/2023,10/03/2023,SCIENTIFIC OFFICER II,CONTISS,7,2,B.TECH. FOOD SCIENCE AND TECHNOLOGY,,ZAINABTIJJANIALIYU4@GMAIL.COM,8037421323
SP/R/3364,,MARYAM,TIJJANI,ALIYU,F,STAFF SCHOOL ,PERMANENT ,10/03/2023,10/03/2023,PRINCIPAL MASTER I,CONTISS,12,2,B.A (EDUCATION) SPECIAL EDUCATION/HAUSA,,MARYAMTJAY@GMAIL.COM,8065951727
SP/R/3365,,SULAIMAN ,MUHAMMAD,ISIAKA,M,SCIENTIFIC OFFICER,PERMANENT ,10/03/2023,10/03/2023,SCIENTIFIC OFFICER II,CONTISS,7,2,B.TECH. INDUSTRIAL CHEMISTRY,,ABUJAAFAR1210@G.MAIL.COM,8133413482
SP/R/3366,,AHMAD,RABIU,MANZO,M,SCIENTIFIC OFFICER,PERMANENT ,10/03/2023,10/03/2023,SCIENTIFIC OFFICER II,CONTISS,7,2,B.SC BIOLOGY,,AHMADRABIUMANZO@GMAIL.COM,8035675117
SP/R/3367,,ALIYU,BALARABE,ABBA,M,TECHNICAL,PERMANENT,10/03/2023,10/03/2023,TECHNICAL OFFICER,CONTISS,6,2,DIPLOMA IN MECHANICAL ENGINEERING,,HYDAR.ABBA.179@GMAIL.COM,8060470445
SP/R/3368,,FATIMA,IBRAHIM,,F,TECHNOLOGIST,PERMANENT,10/03/2023,10/03/2023,SENIOR ASSISTANT SCIENCE LABORATORY TECHNOLOGIST,CONTISS,6,2,NATIONAL DIPLOMA IN SCIENCE LABORATORY TECHNOLOGY,,FATIMAIBRAHIM6888@GMAIL.COM,70688885822
SP/R/3370,,BELLO,UMAR,,M,SCIENTIFIC,PERMANENT,10/03/2023,10/03/2023,SCIENTIFIC OFFICER II,CONTISS,7,2,B.SC. MICROBIOLOGY,,BUMAR3272@GMAIL.COM,8103866160
SP/R/3372,,ABDULLAHI,BELLO,MUSA,M,TECHNICAL OFFICER,PERMANENT,10/03/2023,10/03/2023,TECHNICAL OFFICER ,CONTISS,6,2,N.D ESTATE MANAGEMENT,,ABDULLAHIMUSABELLO@GMAIL.COM,8148857675
SP/R/3378,,HASSAN,TAHIR,SALISU,M,SCIENTIFIC OFFICER,PERMANENT,10/03/2023,10/03/2023,SCIENTIFIC OFFICER II,CONTISS,7,2,B.SC. COMPUTER SCIENCE,,HASSANSTAHIR182@GMAIL.COM,8137813007
SP/R/3388,,MARYAM,GARANDAWA,IBRAHIM,M,ADMINISTRATIVE,PERMANENT,10/03/2023,10/03/2023,ADMINISTRATIVE ASSISTANT,CONTISS,7,2,BACHELOR OF LAWS,,,7065689656
SP/R/3392,,NURA,ABDULLAHI,ISAH,M,DATA ANALYST,PERMANENT,10/03/2023,10/03/2023,DATA ANALYST II,CONTISS,7,2,H.N.D COMPUTER SCIENCE,,NURANAMBE@GMAIL.COM,8065509292
SP/R/3394,,IBRAHIM,AHMAD,SANI,M,SCIENTIFIC OFFICER,PERMANENT ,10/03/2023,10/03/2023,SCIENTIFIC OFFICER II,CONTISS,7,2,B.SC MICROBIOLOGY,,IBRAHIMSANIAHMAD99@GMAIL.COM,8107827754
SP/R/3396,,AMINU,IDRIS,ABDULLAHI,M,SYSTEM ANALYST,PERMANENT ,10/03/2023,10/03/2023,SYSTEM ANALYST II,CONTISS,7,2,B.SC COMPUTER SCIENCE,,AMINUIDRISABDULLAHI@GMAIL.COM,7034343954
SP/R/3397,,IBRAHIM,ADAM,IBRAHIM,M,STAFF SCHOOL ,PERMANENT ,10/03/2023,10/03/2023,MASTER III,CONTISS,6,2,NCE,,IBTAHIMADAM@GMAIL.COM,7013842736
SP/R/3400,,ABDURRAHMAN,ADAM,ABUBAKAR,M,TECHNOLOGIST,PERMANENT,10/03/2023,10/03/2023,SENIOR ASSISTANT SCIENCE LABORATORY TECHNOLOGIST,CONTISS,6,2,N.D SCIENCE LABORATORY TECHNOLOGY,,ABDURRAHMANAADAM@GMAIL.COM,8103190403
SP/R/3402,,HARUNA,ABDULKADIR,,M,SUPERINTENDENT,PERMANENT,10/03/2023,10/03/2023,HIGHER HEALTH SUPERINTENDENT,CONTISS,7,2,B.SC PUBLIC HEALTH,,HDZOMO5740@GMAIL.COM,8050823784
SP/R/3403,,LAWAN,MUHAMMAD,,M,SCIENTIFIC OFFICER,PERMANENT ,10/03/2023,10/03/2023,SCIENTIFIC OFFICER II,CONTISS,7,2,B.SC PHYSICS,,LAWANGARU@GMAIL.COM,8037172760
SP/R/3404,,SURAYYA,UMAR,,F,SCIENTIFIC OFFICER,PERMANENT ,10/03/2023,10/03/2023,SCIENTIFIC OFFICER II,CONTISS,7,2,B.SC BIOLOGY,,UMARSURAYYA38@GMAIL.COM,8034839893
SP/R/3408,,MUHAMMAD,BALA,SANI,M,SCIENTIFIC OFFICER,PERMANENT,10/03/2023,10/03/2023,SCIENTIFIC OFFICER II,CONTISS,7,2,B.SC. PURE CHEMISTRY,,SANIBALA@GMAIL.COM,8068648330
SP/R/3412,,MUHAMMAD,SANI,,M,SUPERINTENDENT,PERMANENT,10/03/2023,10/03/2023,ASSISTANT AGRICULTURAL SUPERINTENDENT,CONTISS,6,2,NATIONAL DIPLOMA AGRICULTURAL TECHNOLOGY,,MUHAMMADSANEE1997@GMAIL.COM,8129196390
SP/R/3413,,ZAINAB,MUNKAILA,,F,NURSING,PERMANENT,10/03/2023,10/03/2023,ASSISTANT CHIEF NURSING OFFICER (INSTRUCTOR),CONTISS,12,2,B.NS. NURSING,,ZAINABMUNKAILA2008@GMAIL.COM,9038479333
SP/R/3415,,AHMED,ALIYU,MOHAMMED,M,ADMINISTRATIVE ,PERMANENT,10/03/2023,10/03/2023,ADMINISTRATIVE ASSISTANT,CONTISS,7,2,B.SC. INTERNATIONAL RELATIONS,,AHMAD.ALIYU@GMAIL.COM,7035889317
SP/R/3417,,GARBA,MUKHTAR,SADIQ,M,ADMINISTRATIVE,PERMANENT ,10/03/2023,10/03/2023,ADMINISTRATIVE ASSISTANT,CONTISS,7,2,B.SC INTERNATIONAL RELATION,,SADDIQMUKHTAR@GMAIL.COM,8064873040
SP/R/3421,,NASIRU,ILU,A,M,HEALTH RECORDS TECH,PERMANENT,10/03/2023,10/03/2023,HEALTH RECORDS TECHNICIAN,CONTISS,6,2,DIPLOMA IN HEALTH INFORMATION MANAGEMENT,,NASIRUILUJAHUN@GMAIL.COM,8138011262
SP/R/3422,,MUHAMMAD,ABDULHADI,,M,SCIENTIFIC OFFICER,PERMANENT ,10/03/2023,10/03/2023,SCIENTIFIC OFFICER II,CONTISS,7,2,B.SC CHEMISTRY,,MUHAMMADABDULHADI39@GMAIL.COM,8039493463
SP/R/3424,,MUBARAK,SANI,BASHIR ,M,ACADEMIC PLANNER,PERMANENT,11/03/2023,11/03/2023,ASSISTANT ACADEMIC PLANNING OFFICER,CONTISS,7,2,B.SC. MATHEMATICS,,MUBARAKBASHIR87@GMAIL.COM ,8130152252
SP/R/3426,,MARYAM ,ILIYASU,,F,ADMINISTRATIVE ,PERMANENT,10/03/2023,10/03/2023,ADMINISTRATIVE ASSISTANT,CONTISS,7,2,B.SC. SOCIOLOGY,,MARYAMILIYASU30@GMAIL.COM,7033199227
SP/R/3428,,RUKAYYA,FAROUK,ABDULLAHI,F,STAFF SCHOOL ,PERMANENT ,10/03/2023,10/03/2023,PRINCIPAL MASTER I,CONTISS,12,2,B.SC (EDUCATION) CHEMISTRY,,RUKAYYAFAROUK1660@GMAIL.COM,8062436562
SP/R/3429,,MAIMUNA,SANI,MUHAMMAD,M,ACADEMIC PLANNER,PERMANENT,11/03/2023,11/03/2023,ASSISTANT ACADEMIC PLANNING OFFICER,CONTISS,7,2,B.SC. MATHEMATICS,,MAIMUNAMS23@GMAIL.COM,7033341969
SP/R/3432,,MUKHTAR,ZANGO,SANI,M,MEDICAL LABORATORY TECHNICIAN,PERMANENT,10/03/2023,10/03/2023,MEDICAL LABORATORY TECHNICIAN,CONTISS,6,2,NATIONAL DIPLOMA IN MEDICAL LABORATORY TECHNICIAN,,MUKHTARSANIZANGO@GMAIL.COM ,8036464267
SP/R/3436,,AHMAD,AHMAD,ABBAS,M,MASTER,PERMANENT ,10/03/2023,10/03/2023,MASTER III,CONTISS,6,2,NCE,,AHMADABBASA2023@GMAIL.COM,8066625335
SP/R/3437,,BASHIR ,SANUSI,SHEHU,M,ADMINISTRATIVE,PERMANENT ,10/03/2023,10/03/2023,ADMINISTRATIVE ASSISTANT,CONTISS,7,2,B.A INTERNATIONAL RELATION,,BASHIRSHEHUSANUSI@GMAIL.COM,8034304104
SP/R/3438,,HARUNA,TAHIR,MUHAMMAD,M,SYSTEM ANALYST,PERMANENT ,10/03/2023,10/03/2023,SYSTEM ANALYST II,CONTISS,7,2,B.SC INFORMATION TECHNOLOGY,,ALHAJIHMTAHIR@YAHOO.COM,8062333191
SP/R/3439,,MUHAMMAD,AMINU,,M,ADMINISTRATIVE,PERMANENT,10/03/2023,10/03/2023,ADMINISTRATIVE ASSISTANT,CONTISS,7,2,B.A (ED) ISLAMIC STUDIES,,MOHDAMINU39@YAHOO.COM,8033075603
SP/R/3440,,MUJITABA,SANI,LAWAN,M,STAFF SCHOOL ,PERMANENT ,10/03/2023,10/03/2023,MASTER II,CONTISS,7,2,B.A (EDUCATION) ISLAMIC STUDIES,,MSLAWANG@GMAIL.COM,8037939611
SP/R/3441,,ABDULMAJID,UMAR,MUHAMMAD,M,ICT TECHNICAL,PERMANENT ,10/03/2023,10/03/2023,TECHNICAL OFFICER II (ICT),CONTISS,7,2,HND COMPUTER ENGINEERING,,ABDULMAJIDMUHAMMADUMAR34@GMAIL.COM,8039717493
SP/R/3442,,AHMAD,UMAR,MUHAMMAD,M,SCIENTIFIC OFFICER,PERMANENT ,10/03/2023,10/03/2023,SCIENTIFIC OFFICER II,CONTISS,7,2,B.SC GEOLOGY,,AHMADMUHAMMADU3@GMAIL.COM,8179201224
SP/R/3444,,USMAN,SALIHU,ZAKARIYYA,M,EXECUTIVE,PERMANENT,10/03/2023,10/03/2023,EXECUTIVE OFFICER (ADMIN.),CONTISS,6,2,NCE AGRICULTURAL EDUCATION,,MAKWALA01@GMAIL.COM,7033515661
SP/R/3445,,RABI,JAHUN,MUHAMMAD,F,EXECUTIVE,PERMANENT,10/03/2023,10/03/2023,EXECUTIVE OFFICER (ADMIN.),CONTISS,6,2,DPLOMA IN SHARIA LAW,,rabimuhammadjahun@gmail.com,7068722910
SP/R/3446,,BELLO,YUSUF,MUSA,M,ADMINISTRATIVE,PERMANENT,10/03/2023,10/03/2023,ADMINISTRATIVE ASSISTANT,CONTISS,7,2,B.SC. PUBLIC ADMINISTRATION,,BELLORIMINGATA@GMAIL.COM,8162990190
SP/R/3447,,SARKI,ABUBAKAR,FAROUK,M,FARM MANAGEMENT,PERMANENT ,10/03/2023,10/03/2023,ASSISTANT AGRICULTURAL SUPERINTENDENT (LIVESTOCK),CONTISS,6,2,ND ANIMAL HEALTH AND PRODUCTION TECHNOLOGY,,ABUBAKARSAKIFAROUK@GMAIL.COM,8069207086
SP/R/3448,,BASHIR ,TIJJANI,ALIYU,M,PROCUREMENT,PERMANENT ,10/03/2023,10/03/2023,PROCUREMENT OFFICER II,CONTISS,7,2,HND MARKETING,,ALYBASH07@GMAIL.COM,7044440221
SP/R/3450,,BELLO,MUSA,KAWULE,M,STAFF SCHOOL ,PERMANENT ,10/03/2023,10/03/2023,MASTER III,CONTISS,6,2,NCE,,,8036861537
SP/R/3452,,ABUBAKAR,ABUBAKAR,KABIR,M,INFORMATION,PERMANENT,10/03/2023,10/03/2023,INFORMATION OFFICER II,CONTISS,7,2,B.SC. MASS COMMUNICATION,,KABBEERABUBAKARUSM@GMAIL.COM,8184215455
SP/R/3454,,MUSTAPHA,MAITAMA,,M,MEDICAL LABORATORY TECHNICIAN,PERMANENT,10/03/2023,10/03/2023,MEDICAL LABORATORY TECHNICIAN,CONTISS,6,2,NATIONAL DIPLOMA MEDICAL LABORATORY TECHNICIAN,,mustaphamaitama593@gmail.com,7060778431
SP/R/3455,,SANI,ABDULLAHI,MUHAMMAD,M,LEGAL OFFICER,PERMANENT,10/03/2023,10/03/2023,LEGAL OFFICER,CONTISS,8,2,LL.B AND B.L CIVIL LAW,,MUHAMMADABDOOL58@GMAIL.COM,8037467515
SP/R/3458,,MAHMOUD,MUHAMMED,IBRAHIM,M,EXECUTIVE,PERMANENT,10/03/2023,10/03/2023,HIGHER EXECUTIVE OFFICER(ADMIN),CONTISS,7,2,H.N.D PUBLIC ADMINISTRATION,,MAHMOUDIBRAHIM1703@GMAIL.COM,8037442257
SP/R/3459,,ASABE,GARBA,,F,NURSING,PERMANENT,10/03/2023,10/03/2023,CHIEF NURSING OFFICER,CONTISS,13,6,B.SC NURSING SCIENCE,,ASABEGARBA33@GMAIL.COM,7036318158
SP/R/3462,,ADAMU,ALIYU,IBN,M,ACCOUNTANT,PERMANENT,10/03/2023,10/03/2023,ACCOUNTANT II,CONTISS,7,2,B.SC. ACCOUNTING,,IBNALIYYU@GMAIL.COM,8070839111
SP/R/3463,,ABUBAKAR,ABUBAKAR,LAWAN,M,ENGINEER,PERMANENT ,10/03/2023,10/03/2023,ENGINEER II (CIVIL),CONTISS,7,2,B. ENG. CIVIL ENGINEERING,,ABUBAKARLAWAN86@GMAIL.COM,8098467783
SP/R/3465,,MARYAM,BELLO,IBRAHIM,F,ADMINISTRATIVE,PERMANENT,10/03/2023,10/03/2023,ADMINISTRATIVE ASSISTANT,CONTISS,7,2,B.A INTERNATIONAL RELATION,,IBRAHIMMARYAM334@GMAIL.COM,8133434705
SP/R/3468,,AMINU,SULEIMAN,,M,ADMINISTRATIVE,PERMANENT ,10/03/2023,10/03/2023,ADMINISTRATIVE ASSISTANT,CONTISS,7,2,B.A ISLAMIC STUDIES,,AMINUIBRAHIM7@GMAIL.COM,8034411620
SP/R/3469,,IBRAHIM,SULEIMAN,ADAMU,M,SCIENTIFIC OFFICER,PERMANENT,10/03/2023,10/03/2023,SCIENTIFIC OFFICER II,CONTISS,7,2,B.SC. GEOGRAPHY,,ADAMUIBRAHIM596@GMAIL.COM,7037664069
SP/R/3470,,NURADDEEN,ABDULKADIR,,M,STAFF SCHOOL ,PERMANENT ,10/03/2023,10/03/2023,MASTER III,CONTISS,6,2,NCE,,NURAGUMEL@GMAIL.COM,8138685672
SP/R/3472,,ABDULHAMEED,AHMED,SANI,M,INVESTMENT ,PERMANENT ,10/03/2023,10/03/2023,ASSISTANT INVESTMENT OFFICER,CONTISS,7,2,B. SC. ECONOMICS,,HAMYDAMAD81@GMAIL.COM,8064430091
SP/R/3473,,SANI,KAZAURE,,M,SCIENTIFIC OFFICER,PERMANENT ,10/03/2023,10/03/2023,SCIENTIFIC OFFICER II,CONTISS,7,2,B. SC. PHARMACOLOGY,,SANIKAWURESK@GMAIL.COM,9032957006
SP/R/3475,,TASIU,YUNUSA,,M,ADMINISTRATIVE ,PERMANENT,10/03/2023,10/03/2023,ADMINISTRATIVE ASSISTANT,CONTISS,7,2,B.A HAUSA,,TASIUYUNUSAKHAUSA@GMAIL.COM,9026397430
SP/R/3476,,ABDULLAHI,UMAR,ABDULLAHI,M,NURSING,PERMANENT,10/03/2023,10/03/2023,PRINCIPAL NURSING SUPERINTENDENT,CONTISS,11,1,GENERAL NURSING CERTIFICATE,,ABDULLAHIUMAR293@GMAIL.COM,8034416407
SP/R/3478,,ABDULWAHAB,ABUBAKAR,,M,SYSTEM ANALYST,PERMANENT,10/03/2023,10/03/2023,SYSTEM ANALYST II,CONTISS,7,2,B. IT(HONS) NETWORKS TECHNOLOGY,,ASSSABAR8000@GMAIL.COM,8104754920
SP/R/3483,,AISHAT,POPOOLA,F.,F,ADMINISTRATIVE,PERMANENT ,10/03/2023,10/03/2023,ADMINISTRATIVE ASSISTANT,CONTISS,7,2,B.A. ENGLISH,,AISHATFOLA@GMAIL.COM,7038468923
SP/R/3484,,ALIYU ,TANKO,YUSUF,M,SCIENTIFIC OFFICER,PERMANENT ,10/03/2023,10/03/2023,SCIENTIFIC OFFICER I,CONTISS,8,2,B. ENG. AGRICULTURAL AND ENVIRONMENTAL RESOURCES,,YTANKO@GMAIL.COM,8037469794
SP/R/3485,,ABUBAKAR,IBRAHIM,,M,EXECUTIVE,PERMANENT,10/03/2023,10/03/2023,HIGHER EXECUTIVE OFFICER (ADMIN),CONTISS,7,2,H.N.D PUBLIC ADMINISTRATION,,,7064883324
SP/R/3487,,KALLAMU,UBA,IBRAHIM,M,STAFF SCHOOL ,PERMANENT,10/03/2023,10/03/2023,MASTER II,CONTISS,7,2,B. ED. PRIMARY EDUCATION,,IBRAHIMKALLAMU6@GMAIL.COM,8068149280
SP/R/3488,,IBRAHIM,UMAR,YASIR,M,HEALTH SUPERINTENDENT,PERMANENT ,10/03/2023,10/03/2023,ENVIRONMENTAL HEALTH SUPERINTENDENT,CONTISS,6,2,ND ENVIRONMENTAL HEALTH,,YASIRIBRAHIM3601@GMAIL.COM,7036016457
SP/R/3489,,MAGAJI,JIBRIL,KABIRU,M,EXECUTIVE,PERMANENT,10/03/2023,10/03/2023,HIGHER EXECUTIVE OFFICER,CONTISS,7,2,H.N.D PRODUCTION AND OPERATION MANAGEMENT,,MAGCABIR@GMAIL.COM,8035888469
SP/R/3491,,HARUNA,SABO,,M,ADMINISTRATIVE,PERMANENT,10/03/2023,10/03/2023,ADMINISTRATIVE ASSISTANT,CONTISS,7,2,B.A ISLAMIC STUDIES,,HARUNASABO5@GMAIL.COM,8135643304
SP/R/3493,,ABDULHADI,ABDULFATAH,,M,TECHNOLOGIST,PERMANENT ,10/03/2023,10/03/2023,SCIENCE LABORATORY TECHNOLOGIST II,CONTISS,7,2,HND SCIENCE LABORATORY TECHNOLOGIST,,AABDULFATAH77@GMAIL.COM,8062550696
SP/R/3494,,MUHAMMAD,MAHMUD,KABIRU,M,SCIENTIFIC OFFICER,PERMANENT,10/03/2023,10/03/2023,SCIENTIFIC OFFICER II,CONTISS,7,2,B. AGRICULTURE (AGRICULTURAL ECONOMICS AND EXTENSION),,MUHDKABIR44@GMAIL.COM,8033107640
SP/R/3495,,ABUBAKAR,SHITU,FAISAL,M,LEGAL,PERMANENT ,10/03/2023,10/03/2023,LEGAL OFFICER,CONTISS,8,2,LLB. ISLAMIC AND COMMON LAWS,,SHITUFAISAL@GMAIL.COM,8035993492
SP/R/3498,,ABDULLAHI,AUWAL,MUHAMMAD,M,LABORATORY TECHNOLOGIST,PERMANENT,10/03/2023,10/03/2023,SCIENCE LABORATORY TECHNOLOGIST,CONTISS,6,2,N.D SCIENCE LABORATORY TECHNOLOGY,,ABDALLAHMUHD21@GMAIL.COM,9012323122
SP/R/3500,,UMAR,USMAN,,M,MEDICAL LABORATORY ,PERMANENT,10/03/2023,10/03/2023,MEDICAL LABORATORY TECHNICIAN,CONTISS,6,2,N.D MEDICAL LABORATORY TECHNICIAN,,UMARUSMANGJG1@GMAIL.COM,9033956041
SP/R/3501,,AMIN,GAMBO,,M,SCIENTIFIC,PERMANENT,10/03/2023,10/03/2023,SCIENTIFIC OFFICER II,CONTISS,7,2,B.SC. BIOCHEMISTRY,,aminukgkaz49@gmail.com,8160398466
SP/R/3503,,BAFFA ,MUHAMMAD,LURWANU,M,ADMINISTRATIVE ,PERMANENT,10/03/2023,10/03/2023,ADMINISTRATIVE ASSISTANT,CONTISS,7,2,B.SC. INTERNATIONAL STUDIES,,ibaffa888@gmail.com,7061091608
SP/R/3504,,HAFIZU,ABUBAKAR,,M,INVESTMENT ,PERMANENT,10/03/2023,10/03/2023,ASSISTANT INESTMENT OFFICER,CONTISS,7,2,B.SC. BUSINESS ADMINISTRATION,,hafizuabubakar01@gmail.com,8036854102
SP/R/3506,,MUSA,ABBA,SAIFULLAHI,M,ENGINEER,PERMANENT,10/03/2023,10/03/2023,ENGINEER II,CONTISS,7,2,B.SC. BUILDING,,saif_abba@yahoo.com,0803!380258
SP/R/3507,,SALISU,MADAKI,,M,ACADEMIC PLANNING,PERMANENT,10/03/2023,10/03/2023,ASSISTANT ACADEMIC PLANNING OFFICER,CONTISS,7,2,B.SC. MATHEMATICS,,SALISUMADAKI93@GMAIL.COM,8107637068
SP/R/3518,,ZAINAB,KILISHI,YUSHA'U,F,NURSING OFFICER,PERMANENT,28/11/2023,28/11/2023,NURSING SUPERINTENDENT II,CONTISS,6,2,GENERAL NURSING CERTIFICATE,,MUHAMMADKILISHI@GMAIL.COM,8108510393
SP/R/3521,,AMINU,HUSSEIN,WADA,M,ENGINEER,PERMANENT,19/12/2023,19/12/2023,DEPUTY DIRECTOR,CONTISS,14,2,B.SC QUANTITY SURVEYING,,QSWADAAMINU@GMAIL.COM,8030508625
SP/R/3525,,ABDULKADIR,CHIROMA,BASHIR,M,EXECUTIVE,PERMANENT,12/12/2023,12/12/2023,EXECUTIVE OFFICER,CONTISS,6,2,N.C.E INENGLISH AND SOCIAL STUDIES,,ABDULKADIRCHIROMA@ICLOUD.COM,8061563123
SP/R/3526,,ADAM,ISMAIL,KABIR,M,SCIENTIFIC OFFICER,PERMANENT,12/12/2023,112/12/2023,SCIENTIFIC,CONTISS,7,2,B.SC BIOCHEMISTRY,,KABIRISMAILADAM@GMAIL.COM,7064447235
SP/R/3531,,ABUBAKAR,RABIU,BABALE,M,ADMINISTRATIVE,PERMANENT,30/12/2023,30/12/2023,SENIOR ASSISTANT REGISTRAR II,CONTISS,11,5,MPPA AND B.A HISTORY,,ARABIU27@GMAIL.COM,8060300069
SP/R/2437,DR,ALIYU,MAIGORO,MUHAMMAD,M,ACADEMIC,PERMANENT,10/03/2023,10/03/2023,SENIOR LECTURER,CONMESS,5,2,"FWACP, M. P. H & MBBS",07/07/1974,,
SP/R/3150,DR,RASHEED,WEMIMO,MUMININI,M,ACADEMIC,PERMANENT,02/05/2023,02/05/2023,LECTURER I,CONUASS,4,2,MBBS,04/11/1987,,
SP/R/3256,DR,MOHAMMED,ADINOYI,USMAN,M,ACADEMIC,PERMANENT,07/01/2023,07/01/2023,LECTURER I,CONMESS,4,2,"FW (ANAESTHESIA), MSC, MBBS",04/04/1997,,
SP/R/3276,PROF,AMINU,HASSAN,,M,ACADEMIC,PERMANENT,10/02/2023,10/02/2023,PROFESSOR,CONUASS ,7,2,PhD ,15/11/1975,,
SP/R/3277,DR,AISHATU,JIBRIL,MUHAMMAD ,F,ACADEMIC,PERMANENT,09/11/2023,09/11/2023,LECTURER 1,CONUASS,4,2,MBBS,05/08/1976,,
SP/R/3281,DR,MOHAMMED ,SAIDU,BASHIR,M,ACADEMIC,PERMANENT,10/03/2023,10/03/2023,SENIOR LECTURER,CONUASS,5,2,PHD COMMUNITY DEVELOPMENT,11/07/1973,,
SP/R/3282,DR,MOHAMMED,BABANGIDA,AUWAL,M,ACADEMIC,PERMANENT,10/03/2023,10/03/2023,LECTURER II,CONUASS,3,2,PHD ACCOUNTING & FINANCE,04/10/1985,,
SP/R/3283,,MAI-ABBA,ABDULLAHI,ISHIYAKU,M,ACADEMIC,PERMANENT,10/03/2023,10/03/2023,GRADUATE ASSISTANT,CONUASS,1,2,B.Sc BOTONY,07/07/1995,,
SP/R/3285,,ASIYA,RABIU,,F,ACADEMIC,PERMANENT,10/03/2023,10/03/2023,GRADUATE ASSISTANT,CONUASS,1,2,B.SC FOOD SCIENCE & TECHNOLOGY,02/01/1998,,
SP/R/3287,,UMAR,DANKAWU,MUHAMMAD ,M,ACADEMIC,PERMANENT,10/03/2023,10/03/2023,ASSISTANT LECTURER,CONUASS ,2,2,M.SC PHYSICS,07/05/1992,,
SP/R/3289,,SURAJO ,SABI'U,ASHIRU ,M,ACADEMIC,PERMANENT,10/03/2023,10/03/2023,ASSISTANT LECTURER,CONUASS,2,2,M.SC MICROBIOLOGY,22/03/1985,,
SP/R/3291,,UMMI,ISAH,,F,ACADEMIC,PERMANENT,10/03/2023,10/03/2023,ASSISTANT LECTURER,CONUASS,2,2,M.ED ADMINISTRATION & PLANNING,01/06/1983,,
SP/R/3292,,HUSSAINI,NURA,,M,ACADEMIC,PERMANENT,10/03/2023,10/03/2023,ASSISTANT LECTURER,CONUASS,2,2,M.Sc ECONOMICS,21/07/1992,,
SP/R/3294,,ABDULHADI ,FARUK,ALHAJI,M,ACADEMIC,PERMANENT,10/03/2023,10/03/2023,ASSISTANT LECTURER,CONUASS,2,2,M. TECH EDUCATIONAL GUIDANCE & COUNSELLING,02/02/1968,,
SP/R/3296,DR,KABIRU,KARAMBA,IBRAHIM,M,ACADEMIC,PERMANENT,10/03/2023,10/03/2023,SENIOR LECTURER,CONUASS,5,2,PHD MICROBIOLOGY,05/12/1977,,
SP/R/3297,,BELLO,SALISU,WADA,M,ACADEMIC,PERMANENT,10/03/2023,10/03/2023,GRADUATE ASSISTANT,CONUASS,1,2,B.SC (EDUCATION) BIOLOGY,19/06/1987,,
SP/R/3298,,ABUBAKAR,MUHAMMAD,ADAM ,M,ACADEMIC,PERMANENT,10/03/2023,10/03/2023,ASSISTANT LECTURER,CONUASS,2,2,M.SC STATISTICS,12/12/1993,,
SP/R/3301,,ISA,SHEHU,FATIHU ,M,ACADEMIC,PERMANENT,10/03/2023,10/03/2023,ASSISTANT LECTURER,CONUASS,2,2,M.SC ACCOUNTING,04/10/1984,,
SP/R/3305,,IBRAHIM,MUDANSIRU,,M,ACADEMIC,PERMANENT,10/03/2023,10/03/2023,GRADUATE ASSISTANT,CONUASS,1,2,B.SC POLITICAL SCIENCE,01/01/1996,,
SP/R/3306,DR,ABDULGANIYYU,IBRAHIM,AKINBO,M,ACADEMIC,PERMANENT,10/03/2023,10/03/2023,LECTURER I,CONUASS,4,2,PHD ,07/10/1987,,
SP/R/3307,,MUHAMMAD,ADAMU,,M,ACADEMIC,PERMANENT,10/03/2023,10/03/2023,GRADUATE ASSISTANT,CONUASS,1,2,B.SC POLITICAL SCIENCE,25/07/1994,,
SP/R/3308,,ABDULWAHAB,SANI,ABUBAKAR,M,ACADEMIC,PERMANENT,10/03/2023,10/03/2023,ASSISTANT LECTURER,CONUASS,2,2,M.SC ISLAMIC ECONOMICS,28/04/1989,,
SP/R/3311,,MUKHTAR,MUHAMMAD,ABDULLAHI,M,ACADEMIC,PERMANENT,10/03/2023,10/03/2023,GRADUATE ASSISTANT,CONUASS,1,2,B.SC AGRICULTURAL ECONOMICS & EXTENSION,04/04/1997,,
SP/R/3315,,USMAN,LAWAN,UBANI,M,ACADEMIC,PERMANENT,10/03/2023,10/03/2023,GRADUATE ASSISTANT,CONUASS,1,2,B.Sc MICROBIOLOGY,03/04/1998,,
SP/R/3316,,FAIZA,ABDULLAHI,IDRIS,F,ACADEMIC,PERMANENT,10/03/2023,10/03/2023,ASSISTANT LECTURER,CONUASS,2,2,M.Sc INFORMATION TECHNOLOGY,11/11/1995,,
SP/R/3318,,SHAMSUDDEEN ,IBRAHIM,,M,ACADEMIC,PERMANENT,10/03/2023,10/03/2023,GRADUATE ASSISTANT,CONUASS,1,2,B.Sc ECONOMICS,24/10/1985,,
SP/R/3320,,BAMANGA ,DAWUDA,IBN,M,ACADEMIC,PERMANENT,10/03/2023,10/03/2023,ASSISTANT LECTURER,CONUASS,2,2,M.Sc APPLIED MATHEMATICS,29/04/1983,,
SP/R/3323,,RAHMA,ADAMU,MUHAMMAD,F,ACADEMIC,PERMANENT,10/03/2023,10/03/2023,ASSISTANT LECTURER,CONUASS,2,2,M.Sc BOTANY,17/10/1984,,
SP/R/3326,,SAIFULLAHI,SUNUSI,,M,ACADEMIC,PERMANENT,10/03/2023,10/03/2023,ASSISTANT LECTURER,CONUASS,2,2,M.A ISLAMIC STUDIES,15/01/1993,,
SP/R/3327,DR,BILYAMINU,HANGA,YUSUF,M,ACADEMIC,PERMANENT,10/03/2023,10/03/2023,READER,CONUASS,6,2,PHD ACCOUNTING ,21/07/1978,,
SP/R/3335,,YUSUF,SULEIMAN,,M,ACADEMIC,PERMANENT,10/03/2023,10/03/2023,LECTURER I,CONUASS,4,2,M.Sc HUMAN PHYSIOLOGY,24/08/1981,,
SP/R/3336,,NAJA'ATU,SANUSI,BASIRU,F,ACADEMIC,PERMANENT,10/03/2023,10/03/2023,GRADUATE ASSISTANT,CONUASS,1,2,B.Sc COMPUTER SCIENCE,17/09/1997,,
SP/R/3337,,HAMISU ,IDRIS,SHUAIBU,M,ACADEMIC,PERMANENT,10/03/2023,10/03/2023,GRADUATE ASSISTANT,CONUASS,1,2,B.Sc BIOTECHNOLOGY,02/02/1993,,
SP/R/3339,,BISHIRIYYA,SHEKARAU,DAHIRU,F,ACADEMIC,PERMANENT,10/03/2023,10/03/2023,GRADUATE ASSISTANT,CONUASS,1,2,B.FORESTRY AND WILDLIFE MANAGEMENT,20/08/1994,,
SP/R/3350,,KAMALUDDIN,ABDULKARIM,,M,ACADEMIC,PERMANENT,10/03/2023,10/03/2023,ASSISTANT LECTURER,CONUASS ,2,2,M.SC STATISTICS,28/09/1985,,
SP/R/3352,,SADIQ,ALIYU,WAZIRI,M,ACADEMIC,PERMANENT,10/03/2023,10/03/2023,GRADUATE ASSISTANT,CONUASS,1,2,B.A ENGLISH,22/07/1991,,
SP/R/3355,,AUWAL,ADAMU,BELLO,M,ACADEMIC,PERMANENT,10/03/2023,10/03/2023,GRADUATE ASSISTANT,CONUASS,1,2,B.SC AGRICULTURE,05/02/1994,,
SP/R/3357,,MURTALA,ABBA,,M,ACADEMIC,PERMANENT,10/03/2023,10/03/2023,GRADUATE ASSISTANT,CONUASS,1,2,B.Sc MICROBIOLOGY,06/07/1994,,
SP/R/3360,DR,ALIYU,AKILU,SHINKAFI,M,ACADEMIC,PERMANENT,10/03/2023,10/03/2023,SENIOR LECTURER,CONUASS,5,2,PHD ISLAMIC ECONOMICS,02/09/1977,,
SP/R/3361,DR,MUSA,UMAR,KALLA,M,ACADEMIC,PERMANENT,10/03/2023,10/03/2023,LECTURER II,CONUASS,3,2,Ph.D ECONOMETRICS,08/10/1988,,
SP/R/3363,,MUAZU,BALA,MUHAMMAD,M,ACADEMIC,PERMANENT,10/03/2023,10/03/2023,LECTURER II,CONUASS,3,2,PH.D ECONOMICS,12/101987,,
SP/R/3369,,IBRAHIM,NAZIFI,MUKTAR,M,ACADEMIC,PERMANENT,10/03/2023,10/03/2023,ASSISTANT LECTURER,CONUASS,2,2,M.A ARABIC LINGUISTIC,05/05/1991,,
SP/R/3371,,MARYAM,SALISU,LAWAN,F,ACADEMIC,PERMANENT,10/03/2023,10/03/2023,GRADUATE ASSISTANT,CONUASS,1,2,B.Sc COMPUTER SCIENCE,01/10/1994,,
SP/R/3373,,IBRAHIM,ADAMU,USMAN,M,ACADEMIC,PERMANENT,10/03/2023,10/03/2023,GRADUATE ASSISTANT,CONUASS,1,2,B. AGRICULTURE (CROP SCIENCE),11/05/1995,,
SP/R/3374,,KHADIJA,YUSUF,BABA,F,ACADEMIC,PERMANENT,10/03/2023,10/03/2023,GRADUATE ASSISTANT,CONUASS,1,2,B. AGRCULTURE,22/05/1993,,
SP/R/3375,,ABDULKADIR,ABUBAKAR,,M,ACADEMIC,PERMANENT,10/03/2023,10/03/2023,GRADUATE ASSISTANT,CONUASS,1,2,B.Sc ECONOMICS,30/11/1933,,
SP/R/3376,,ABDULLAHI,HAFIZU,ADAM,M,ACADEMIC,PERMANENT,10/03/2023,10/03/2023,GRADUATE ASSISTANT,CONUASS,1,2,B.Sc ZOOLOGY,23/03/1996,,
SP/R/3377,DR,IBRAHIM,TIJJANI,SABIU,M,ACADEMIC,PERMANENT,10/03/2023,10/03/2023,LECTURER II,CONUASS,3,2,PH.D ENTREPRENEURSHIP,14/06/1984,,
SP/R/3379,,ADAMU,AHMAD,SANI,M,ACADEMIC,PERMANENT,10/03/2023,10/03/2023,GRADUATE ASSISTANT,CONUASS,1,2,B.SC ISLAMIC STUDIES,10/11/1995,,
SP/R/3380,DR,MUHAMMAD,AHMAD,KAMILU,M,ACADEMIC,PERMANENT,10/03/2023,10/03/2023,SENIOR LECTURER,CONUASS,5,2,Ph.D ZOOLOGY,09/09/1965,,
SP/R/3381,,SULEIMAN,HARUNA,,M,ACADEMIC,PERMANENT,10/03/2023,10/03/2023,GRADUATE ASSISTANT,CONUASS,1,2,B.TECH APPLIED BOTANY,23/05/1990,,
SP/R/3382,DR,ODIDI,SULEIMAN,MURITALA,M,ACADEMIC,PERMANENT,10/03/2023,10/03/2023,LECTURER I,CONUASS,4,2,PH.D HUMAN ANATOMY,06/03/1985,,
SP/R/3383,DR,SABIU,HAMZA,MOHAMMED,M,ACADEMIC,PERMANENT,10/03/2023,10/03/2023,LECTURER I,CONUASS,4,2,"MBBS, FMCP",31/08/1979,,
SP/R/3384,DR,SADIQ,RINGIM,HASSAN,M,ACADEMIC,PERMANENT,10/03/2023,10/03/2023,LECTURER I,CONUASS,4,2,"MBBS, FWACP",09/11/1976,,
SP/R/3385,,MUSTAPHA,ABDULLAHI,,M,ACADEMIC,PERMANENT,10/03/2023,10/03/2023,GRADUATE ASSISTANT,CONUASS,1,2,B.SC ENVIRONMENTAL HEALTH SCIENCE,06/01/1992,,
SP/R/3386,,SADIYA,MUSTAPHA,HALIMA,F,ACADEMIC,PERMANENT,10/03/2023,10/03/2023,ASSISTANT LECTURER,CONUASS,2,2,M.ED TEST AND MEASUREMENT,14/08/1985,,
SP/R/3387,,ABUBAKAR,MUHAMMAD,BALILI,M,ACADEMIC,PERMANENT,10/03/2023,10/03/2023,LECTURER II,CONMESS,3,2,MBBS,04/04/1988,,
SP/R/3389,,MUHAMMAD,ABUBAKAR,AMINU,M,ACADEMIC,PERMANENT,10/03/2023,10/03/2023,GRADUATE ASSISTANT,CONUASS,1,2,B.Sc ECONOMICS,25/11/1994,,
SP/R/3390,,NAFIU,YAHAYA,,M,ACADEMIC,PERMANENT,10/03/2023,21/12/2023,ASSISTANT LECTURER,CONUASS,2,2,M.SC COMMUNITY HEALTH,01/05/1988,,
SP/R/3391,,IBRAHIM,AHMAD,ISAH,M,ACADEMIC,PERMANENT,10/03/2023,10/03/2023,GRADUATE ASSISTANT,CONUASS,1,2,B.Sc CRIMINOLOGY & SECURITY STUDIES,09/02/1992,,
SP/R/3393,,AISHA,YAKASAI,MUHAMMAD,F,ACADEMIC,PERMANENT,10/03/2023,10/03/2023,ASSISTANT LECTURER,CONUASS,2,2,M.ED BIOLOGY,18/05/1990,,
SP/R/3395,DR,ABDULLAHI,JIBRIL,,M,ACADEMIC,PERMANENT,10/03/2023,10/03/2023,LECTURER I,CONUASS,4,2,MBBS,18/04/1977,,
SP/R/3398,,ALFA,TIJJANI,IMAM,M,ACADEMIC,PERMANENT,10/03/2023,10/03/2023,GRADUATE ASSISTANT,CONUASS,1,2,B.Sc BIOCHEMISTRY,13/04/1998,,
SP/R/3399,DR,ABDULLAHI,LAWAL,,M,ACADEMIC,PERMANENT,10/03/2023,10/03/2023,SENIOR LECTURER,CONUASS,5,2,Ph.D PHYSICS,16/05/1978,,
SP/R/3401,,TIJJANI,MUSTAPHA,,M,ACADEMIC,PERMANENT,10/03/2023,10/03/2023,ASSISTANT LECTURER,CONUASS,2,2,M.Sc BOTANY,15/03/1993,,
SP/R/3405,,MANSUR,YA'U,,M,ACADEMIC,PERMANENT,10/03/2023,10/03/2023,ASSISTANT LECTURER,CONUASS,1,2,M.Sc CRIMINOLOGY & SECURITY STUDIES,07/03/1995,,
SP/R/3406,,MUHAMMAD,ABDULAZIZ,BASHIR,M,ACADEMIC,PERMANENT,10/03/2023,10/03/2023,ASSISTANT LECTURER,CONUASS,2,2,M.A ARABIC,25/04/1970,,
SP/R/3407,,ABDULLAHI,TALIB,,M,ACADEMIC,PERMANENT,10/03/2023,10/03/2023,ASSISTANT LECTURER,CONUASS,2,2,M.SC AGRICULTURAL ECONOMICS,13/04/1985,,
SP/R/3410,,UMARU,UMAR,,M,ACADEMIC,PERMANENT,10/03/2023,10/03/2023,ASSISTANT LECTURER,CONUASS,2,2,M.SC PHYSICAL CHEMISTRY,03/10/1991,,
SP/R/3411,,AUWALU,ABDULLAHI,TIJJANI,M,ACADEMIC,PERMANENT,10/03/2023,10/03/2023,ASSISTANT LECTURER,CONUASS,2,2,M.SC (EDUCATION) BIOLOGY,17/07/1990,,
SP/R/3414,,KHADIJA,MUSTAPHA,GWADABE,F,ACADEMIC,PERMANENT,10/03/2023,10/03/2023,GRADUATE ASSISTANT,CONUASS,1,2,B. PUBLIC HEALTH,29/04/1988,,
SP/R/3416,,AHMAD,ABBA,,M,ACADEMIC,PERMANENT,10/03/2023,10/03/2023,GRADUATE ASSISTANT,CONUASS,1,2,B.SC BUSINESS ADMINISTRATION,01/04/1991,,
SP/R/3418,,USMAN ,ADAMU,ADAMU,M,ACADEMIC,PERMANENT,10/03/2023,10/03/2023,GRADUATE ASSISTANT,CONUASS,1,2,B. AGRICULTURE (CROP SCIENCE),26/01/1994,,
SP/R/3419,,MUHAMMED,BELLO,SAHEED,M,ACADEMIC,PERMANENT,10/03/2023,10/03/2023,GRADUATE ASSISTANT,CONUASS,1,2,B.Sc ECONOMICS,19/01/1987,,
SP/R/3420,,ABBA,DAUDA,,M,ACADEMIC,PERMANENT,10/03/2023,10/03/2023,GRADUATE ASSISTANT,CONUASS,1,2,B.Sc COMPUTER SCIENCE,08/071994,,
SP/R/3423,,MUSTAPHA,UMAR,,M,ACADEMIC,PERMANENT,10/03/2023,10/03/2023,GRADUATE ASSISTANT,CONUASS,1,2,B. PUBLIC HEALTH,25/10/1990,,
SP/R/3425,,IBRAHIM,TUKUR,,M,ACADEMIC,PERMANENT,10/03/2023,10/03/2023,GRADUATE ASSISTANT,CONUASS,1,2,B.A ISLAMIC STUDIES,14/08/1988,,
SP/R/3427,DR,YAHAYA,ABDULRAHMAN,SADIQ,M,ACADEMIC,PERMANENT,10/03/2023,10/03/2023,LECTURER I,CONUASS,4,2,PH.D APPLIED PLANT GENETICS AND BREEDING,09/08/1987,,
SP/R/3430,,KHALIL,YUSUF,UMAR,M,ACADEMIC,PERMANENT,10/03/2023,10/03/2023,GRADUATE ASSISTANT,CONUASS,1,2,B.SC AGRICULTURAL ECONOMICS & EXTENSION,14/12/1996,,
SP/R/3431,,MUHAMMAD,YAKUBU,,M,ACADEMIC,PERMANENT,10/03/2023,10/03/2023,ASSISTANT LECTURER,CONUASS,2,2,M.SC INFORMATION TECHNOLOGY,25/10/1994,,
SP/R/3433,,IHSAN,NASIR,UMAR,F,ACADEMIC,PERMANENT,10/03/2023,10/03/2023,GRADUATE ASSISTANT,CONUASS,1,2,B.A ENGLISH,21/09/2002,,
SP/R/34SP/R/34,,IDRIS,KAILA,,M,ACADEMIC,PERMANENT,10/03/2023,10/03/2023,ASSISTANT LECTURER,CONUASS,2,2,M.ED EDUCATIONAL ADMINISTRATION,10/01/1985,,
SP/R/3435,,SHAMSIYYA,HARUNA,,F,ACADEMIC,PERMANENT,10/03/2023,10/03/2023,ASSISTANT LECTURER,CONUASS,2,2,M.Sc ZOOLOGY,12/06/1986,,
SP/R/3443,DR,ABDULRAZAK,ABUBAKAR,,M,ACADEMIC,PERMANENT,10/03/2023,10/03/2023,SENIOR LECTURER,CONUASS,5,2,Ph.D HUMAN PHYSIOLOGY,28/08/1984,,
SP/R/3449,,AUWAL ,HAFIZU,BUHARI,M,ACADEMIC,PERMANENT,10/03/2023,10/03/2023,GRADUATE ASSISTANT,CONUASS,1,2,B.Sc COMPUTER SCIENCE,10/05/1992,,
SP/R/3451,DR,ABUBAKAR,ABUBAKAR,AHMED,M,ACADEMIC,PERMANENT,10/03/2023,10/03/2023,LECTURER II,CONUASS,3,2,PH.D ANIMAL PHYSIOLOGY,24/03/1987,,
SP/R/3453,,ABDULAZIZ,AMINU,,M,ACADEMIC,PERMANENT,10/03/2023,10/03/2023,GRADUATE ASSISTANT,CONUASS,1,2,B.Sc COMPUTER SCIENCE,25/05/1996,,
SP/R/3456,,AMINU,ABDULLAHI,BALA,M,ACADEMIC,PERMANENT,10/03/2023,10/03/2023,GRADUATE ASSISTANT,CONUASS,1,2,B.Sc COMPUTER SCIENCE,05/11/1994,,
SP/R/3457,,MUSA,MAIZARE,USMAN,M,ACADEMIC,PERMANENT,10/03/2023,10/03/2023,ASSISTANT LECTURER,CONUASS,2,2,M. AGRICULTURE(FISHERIES MANAGEMENT),28/07/1987,,
SP/R/3460,,IBRAHIM,MUHAMMAD,USMAN,M,ACADEMIC,PERMANENT,10/03/2023,10/03/2023,ASSISTANT LECTURER,CONUASS,2,2,BNSC NURSING,16/06/1981,,
SP/R/3461,,ABDULLAHI,ADAMU,,M,ACADEMIC,PERMANENT,10/03/2023,10/03/2023,ASSISTANT LECTURER,CONUASS,2,2,MNSc NURSING SCIENCE ,06/01/1976,,
SP/R/3464,,SAMINU,KOFAR KWARU,ALI,M,ACADEMIC,PERMANENT,10/03/2023,10/03/2023,ASSISTANT LECTURER,CONUASS,2,2,M.SC MICROBIOLOGY,08/07/1983,,
SP/R/3466,,UTHMAN,TIJJANI,BADAMASI,M,ACADEMIC,PERMANENT,10/03/2023,10/03/2023,ASSISTANT LECTURER,CONUASS,2,2,M.TECH FOREST RESOURCE MANAGEMENT AND PRODUCT UTILIZATION,15/06/1988,,
SP/R/3467,,NAJIMU,NAFIU,AYINDE,M,ACADEMIC,PERMANENT,10/03/2023,10/03/2023,LECTURER II,CONUASS,3,2,M.SC RISK MANAGEMENT AND INSURANCE,02/03/1981,,
SP/R/3471,,MUHAMMAD,IDRIS,KABIR,M,ACADEMIC,PERMANENT,10/03/2023,10/03/2023,LECTURER II,CONUASS,3,2,PHD EDUCATIONAL ADMINISTRATION AND PLANNING,16/12/1973,,
SP/R/3474,,SALISU,CHIROMA,BASHIR,M,ACADEMIC,PERMANENT,10/03/2023,10/03/2023,ASSISTANT LECTURER,CONUASS,2,2,M.ED EDUCATIONAL ADMINISTRATION AND PLANNING ,02/08/1980,,
SP/R/3477,,HUSSAINI,YUSUF,MAGAJI,M,ACADEMIC,PERMANENT,10/03/2023,10/03/2023,LECTURER I,CONMESS,4,2,MBBS,24/01/1986,,
SP/R/3479,,ABDULMUMIN,HASSAN,ALHASSAN,M,ACADEMIC,PERMANENT,10/03/2023,10/03/2023,GRADUATE ASSISTANT,CONUASS,1,2,B. AGRICULTURE (ANIMAL SCIENCE),23/03/1996,,
SP/R/3480,,NAJIB,USMAN,,M,ACADEMIC,PERMANENT,10/03/2023,10/03/2023,ASSISTANT LECTURER,CONUASS,2,2,MASTERS IN TEST AND MEASUREMENT (EDUCATION),25/06/1988,,
SP/R/3481,DR,ZARO,BOYSUNGNI,,M,ACADEMIC,PERMANENT,10/03/2023,10/03/2023,LECTURER I,CONUASS,4,2,MPH PUBLIC HEALTH,16/02/1980,,
SP/R/3490,,UMAR,MUKTHAR,,M,ACADEMIC,PERMANENT,10/03/2023,10/03/2023,ASSISTANT LECTURER,CONUASS,2,2,M.A ISLAMIC STUDIES,12/05/1985,,
SP/R/3492,DR,GARBA,AMINU,AMINU,M,ACADEMIC,PERMANENT,10/03/2023,10/03/2023,LECTURER II,CONUASS,3,2,Ph.D ISLAMIC STUDIES,14/11/1976,,
SP/R/3496,,MUSA,ILYASU,,M,ACADEMIC,PERMANENT,10/03/2023,10/03/2023,ASSISTANT LECTURER,CONUASS,2,2,M.Sc MATHEMATICS,08/08/1990,,
SP/R/3497,,OGHENEKOHWODO,SAGIN,SUPER,M,ACADEMIC,PERMANENT,10/03/2023,10/03/2023,ASSISTANT LECTURER,CONUASS,2,2,M.SC ACCOUNTING,25/06/1987,,
SP/R/3499,,EDWARD,AMAKIRI,ANIMOTIMI,M,ACADEMIC,PERMANENT,10/03/2023,10/03/2023,ASSISTANT LECTURER,CONUASS,2,2,M.A PSYCHOLOGY,05/11/1985,,
SP/R/3502,,MUHAMMAD,ADAM,HAMZA,M,ACADEMIC,PERMANENT,10/03/2023,10/03/2023,GRADUATE ASSISTANT,CONAUSS,1,2,B.Sc COMPUTER SCIENCE,19/01/1993,,
SP/R/3505,,RABIU,USMAN,UBANI,M,ACADEMIC,PERMANENT,10/03/2023,10/03/2023,GRADUATE ASSISTANT,CONUASS,1,2,B.Sc BIOTECHNOLOGY,28/08/1995,,
SP/R/3509,DR,MAGAJI,MAHMOUD,ADO ,M,ACADEMIC,PERMANENT,10/03/2023,10/03/2023,SENIOR LECTURER,CONMESS,5,2,"FMCP, MSC, MBBS",10/12/1968,,
SP/R/3512,,AMINU,KAUGAMA,ADO,M,ACADEMIC,PERMANENT,20/11/2023,20/11/2023,LECTURER II,CONUASS,3,2,M.Sc GEOGRAPHY (ENVIRONMENTAL MANAGEMENT),19/05/1994,,
SP/R/3513,PROF,ABBA ,,MAGAJI,M,ACADEMIC,PERMANENT,12/01/2023,12/01/2023,PROFESSOR,CONUASS ,7,2,PHD ACCOUNTING ,03/12/1972,,
SP/R/3514,DR,MURTALA,YAU,,M,ACADEMIC,SECONDMENT,23/11/2023,23/11/2023,SENIOR LECTURER,CONUASS,5,2,PH.D ENVIRONMENTAL BIOCHEMISTRY ,13/12/1978,,
SP/R/3515,DR,ABBA,BABANDI,,M,ACADEMIC,PERMANENT,23/11/2023,23/11/2023,SENIOR LECTURER,CONUASS,5,2,PH.D PHARMACOLOGICAL BIOCHEMISTRY,22/06/1982,,
SP/R/3516,DR,SARATU,DAN-ALI,MAHMUD,M,ACADEMIC,PERMANENT,27/11/2023,23/11/2023,LECTURER II,CONUASS,3,2,Ph.D APPLIED CHEMISTRY,21/04/1989,,
SP/R/3528,PROF,MUNTARI,,BALA,M,ACADEMIC,PERMANENT,21/12/2023,21/12/2023,PROFESSOR,CONUASS,7,2,PHD BIOTECHNOLOGY ,20/09/1970,,
